[NX Daemon Server] - 2024-12-13T15:33:57.944Z - Started listening on: /var/folders/pt/d_fg87hx65j566znvpk25z4h0000gn/T/7076b0eded40792afa37/d.sock
[NX Daemon Server] - 2024-12-13T15:33:57.946Z - [WATCHER]: Subscribed to changes within: /Users/michaelgilge/Code/GTechIndustries (native)
[NX Daemon Server] - 2024-12-13T15:33:57.954Z - Established a connection. Number of open connections: 1
[NX Daemon Server] - 2024-12-13T15:33:57.955Z - Established a connection. Number of open connections: 2
[NX Daemon Server] - 2024-12-13T15:33:57.956Z - Closed a connection. Number of open connections: 1
[NX Daemon Server] - 2024-12-13T15:33:57.957Z - [REQUEST]: Responding to the client. Shutdown initiated
[NX Daemon Server] - 2024-12-13T15:33:57.957Z - Done responding to the client Shutdown initiated
[NX Daemon Server] - 2024-12-13T15:33:57.957Z - Handled FORCE_SHUTDOWN. Handling time: 0. Response time: 0.
[NX Daemon Server] - 2024-12-13T15:33:57.958Z - [WATCHER]: Stopping the watcher for /Users/michaelgilge/Code/GTechIndustries (sources)
[NX Daemon Server] - 2024-12-13T15:33:57.958Z - Closed a connection. Number of open connections: 0
[NX Daemon Server] - 2024-12-13T15:33:57.958Z - [WATCHER]: Stopping the watcher for /Users/michaelgilge/Code/GTechIndustries (outputs)
[NX Daemon Server] - 2024-12-13T15:34:52.603Z - Started listening on: /var/folders/pt/d_fg87hx65j566znvpk25z4h0000gn/T/7076b0eded40792afa37/d.sock
[NX Daemon Server] - 2024-12-13T15:34:52.605Z - [WATCHER]: Subscribed to changes within: /Users/michaelgilge/Code/GTechIndustries (native)
[NX Daemon Server] - 2024-12-13T15:34:52.613Z - Established a connection. Number of open connections: 1
[NX Daemon Server] - 2024-12-13T15:34:52.614Z - Established a connection. Number of open connections: 2
[NX Daemon Server] - 2024-12-13T15:34:52.616Z - Closed a connection. Number of open connections: 1
[NX Daemon Server] - 2024-12-13T15:34:52.617Z - [REQUEST]: Responding to the client. Shutdown initiated
[NX Daemon Server] - 2024-12-13T15:34:52.617Z - Done responding to the client Shutdown initiated
[NX Daemon Server] - 2024-12-13T15:34:52.617Z - Handled FORCE_SHUTDOWN. Handling time: 0. Response time: 0.
[NX Daemon Server] - 2024-12-13T15:34:52.619Z - [WATCHER]: Stopping the watcher for /Users/michaelgilge/Code/GTechIndustries (sources)
[NX Daemon Server] - 2024-12-13T15:34:52.619Z - Closed a connection. Number of open connections: 0
[NX Daemon Server] - 2024-12-13T15:34:52.619Z - [WATCHER]: Stopping the watcher for /Users/michaelgilge/Code/GTechIndustries (outputs)
[NX Daemon Server] - 2024-12-13T15:37:27.445Z - Started listening on: /var/folders/pt/d_fg87hx65j566znvpk25z4h0000gn/T/7076b0eded40792afa37/d.sock
[NX Daemon Server] - 2024-12-13T15:37:27.447Z - [WATCHER]: Subscribed to changes within: /Users/michaelgilge/Code/GTechIndustries (native)
[NX Daemon Server] - 2024-12-13T15:37:27.451Z - Established a connection. Number of open connections: 1
[NX Daemon Server] - 2024-12-13T15:37:27.451Z - Established a connection. Number of open connections: 2
[NX Daemon Server] - 2024-12-13T15:37:27.453Z - Closed a connection. Number of open connections: 1
[NX Daemon Server] - 2024-12-13T15:37:27.454Z - [REQUEST]: Client Request for Project Graph Received
[NX Daemon Server] - 2024-12-13T15:37:27.510Z - [WATCHER]: Processing file changes in outputs
[NX Daemon Server] - 2024-12-13T15:37:27.647Z - Time taken for 'Load Nx Plugin: /Users/michaelgilge/Code/GTechIndustries/node_modules/nx/src/plugins/package-json' 190.5119171142578ms
[NX Daemon Server] - 2024-12-13T15:37:27.726Z - Time taken for 'Load Nx Plugin: /Users/michaelgilge/Code/GTechIndustries/node_modules/nx/src/plugins/js' 269.8902921676636ms
[NX Daemon Server] - 2024-12-13T15:37:27.767Z - Time taken for 'Load Nx Plugin: /Users/michaelgilge/Code/GTechIndustries/node_modules/nx/src/plugins/project-json/build-nodes/project-json' 311.4965419769287ms
[NX Daemon Server] - 2024-12-13T15:37:27.811Z - Time taken for 'Load Nx Plugin: @nx/jest/plugin' 356.42816734313965ms
[NX Daemon Server] - 2024-12-13T15:37:27.816Z - Time taken for 'Load Nx Plugin: @nx/storybook/plugin' 361.3326654434204ms
[NX Daemon Server] - 2024-12-13T15:37:27.819Z - Time taken for 'Load Nx Plugin: @nx/eslint/plugin' 364.8851671218872ms
[NX Daemon Server] - 2024-12-13T15:37:27.824Z - Time taken for 'Load Nx Plugin: @nx/cypress/plugin' 369.4640417098999ms
[NX Daemon Server] - 2024-12-13T15:37:27.831Z - Time taken for 'Load Nx Plugin: @nx/webpack/plugin' 377.1723747253418ms
[NX Daemon Server] - 2024-12-13T15:37:27.851Z - Time taken for 'Load Nx Plugin: @nx/rollup/plugin' 395.84658336639404ms
[NX Daemon Server] - 2024-12-13T15:37:27.977Z - [REQUEST]: Updated workspace context based on watched changes, recomputing project graph...
[NX Daemon Server] - 2024-12-13T15:37:27.977Z - [REQUEST]: 
[NX Daemon Server] - 2024-12-13T15:37:27.977Z - [REQUEST]: 
[NX Daemon Server] - 2024-12-13T15:37:27.996Z - Time taken for 'loadNxPlugins' 523.0436668395996ms
[NX Daemon Server] - 2024-12-13T15:37:27.997Z - Established a connection. Number of open connections: 2
[NX Daemon Server] - 2024-12-13T15:37:27.997Z - Established a connection. Number of open connections: 3
[NX Daemon Server] - 2024-12-13T15:37:27.997Z - Established a connection. Number of open connections: 4
[NX Daemon Server] - 2024-12-13T15:37:27.997Z - Established a connection. Number of open connections: 5
[NX Daemon Server] - 2024-12-13T15:37:27.997Z - Established a connection. Number of open connections: 6
[NX Daemon Server] - 2024-12-13T15:37:27.997Z - Established a connection. Number of open connections: 7
[NX Daemon Server] - 2024-12-13T15:37:27.997Z - Established a connection. Number of open connections: 8
[NX Daemon Server] - 2024-12-13T15:37:27.997Z - Established a connection. Number of open connections: 9
[NX Daemon Server] - 2024-12-13T15:37:27.997Z - Established a connection. Number of open connections: 10
[NX Daemon Server] - 2024-12-13T15:37:27.997Z - Established a connection. Number of open connections: 11
[NX Daemon Server] - 2024-12-13T15:37:27.998Z - [REQUEST]: Responding to the client. handleHashGlob
[NX Daemon Server] - 2024-12-13T15:37:27.998Z - Done responding to the client handleHashGlob
[NX Daemon Server] - 2024-12-13T15:37:27.998Z - Handled HASH_GLOB. Handling time: 0. Response time: 0.
[NX Daemon Server] - 2024-12-13T15:37:27.999Z - [REQUEST]: Responding to the client. handleGlob
[NX Daemon Server] - 2024-12-13T15:37:27.999Z - Done responding to the client handleGlob
[NX Daemon Server] - 2024-12-13T15:37:27.999Z - Handled GLOB. Handling time: 0. Response time: 0.
[NX Daemon Server] - 2024-12-13T15:37:28.000Z - [REQUEST]: Responding to the client. handleHashGlob
[NX Daemon Server] - 2024-12-13T15:37:28.000Z - Done responding to the client handleHashGlob
[NX Daemon Server] - 2024-12-13T15:37:28.000Z - Handled HASH_GLOB. Handling time: 0. Response time: 0.
[NX Daemon Server] - 2024-12-13T15:37:28.002Z - [REQUEST]: Responding to the client. handleHashGlob
[NX Daemon Server] - 2024-12-13T15:37:28.002Z - Done responding to the client handleHashGlob
[NX Daemon Server] - 2024-12-13T15:37:28.002Z - Handled HASH_GLOB. Handling time: 1. Response time: 0.
[NX Daemon Server] - 2024-12-13T15:37:28.003Z - [REQUEST]: Responding to the client. handleHashGlob
[NX Daemon Server] - 2024-12-13T15:37:28.003Z - Done responding to the client handleHashGlob
[NX Daemon Server] - 2024-12-13T15:37:28.003Z - Handled HASH_GLOB. Handling time: 1. Response time: 0.
[NX Daemon Server] - 2024-12-13T15:37:28.003Z - Closed a connection. Number of open connections: 10
[NX Daemon Server] - 2024-12-13T15:37:28.003Z - Closed a connection. Number of open connections: 9
[NX Daemon Server] - 2024-12-13T15:37:28.003Z - Closed a connection. Number of open connections: 8
[NX Daemon Server] - 2024-12-13T15:37:28.003Z - Closed a connection. Number of open connections: 7
[NX Daemon Server] - 2024-12-13T15:37:28.003Z - Closed a connection. Number of open connections: 6
[NX Daemon Server] - 2024-12-13T15:37:28.004Z - [REQUEST]: Responding to the client. handleHashGlob
[NX Daemon Server] - 2024-12-13T15:37:28.004Z - Done responding to the client handleHashGlob
[NX Daemon Server] - 2024-12-13T15:37:28.004Z - Handled HASH_GLOB. Handling time: 0. Response time: 0.
[NX Daemon Server] - 2024-12-13T15:37:28.006Z - [REQUEST]: Responding to the client. handleHashGlob
[NX Daemon Server] - 2024-12-13T15:37:28.006Z - Done responding to the client handleHashGlob
[NX Daemon Server] - 2024-12-13T15:37:28.006Z - Handled HASH_GLOB. Handling time: 1. Response time: 0.
[NX Daemon Server] - 2024-12-13T15:37:28.146Z - [REQUEST]: Responding to the client. handleHashGlob
[NX Daemon Server] - 2024-12-13T15:37:28.146Z - Done responding to the client handleHashGlob
[NX Daemon Server] - 2024-12-13T15:37:28.146Z - Handled HASH_GLOB. Handling time: 1. Response time: 0.
[NX Daemon Server] - 2024-12-13T15:37:28.147Z - [REQUEST]: Responding to the client. handleHashGlob
[NX Daemon Server] - 2024-12-13T15:37:28.147Z - Done responding to the client handleHashGlob
[NX Daemon Server] - 2024-12-13T15:37:28.147Z - Handled HASH_GLOB. Handling time: 0. Response time: 0.
[NX Daemon Server] - 2024-12-13T15:37:28.148Z - [REQUEST]: Responding to the client. handleHashGlob
[NX Daemon Server] - 2024-12-13T15:37:28.148Z - Done responding to the client handleHashGlob
[NX Daemon Server] - 2024-12-13T15:37:28.148Z - Handled HASH_GLOB. Handling time: 0. Response time: 0.
[NX Daemon Server] - 2024-12-13T15:37:28.150Z - [REQUEST]: Responding to the client. handleHashGlob
[NX Daemon Server] - 2024-12-13T15:37:28.150Z - Done responding to the client handleHashGlob
[NX Daemon Server] - 2024-12-13T15:37:28.150Z - Handled HASH_GLOB. Handling time: 1. Response time: 0.
[NX Daemon Server] - 2024-12-13T15:37:28.151Z - [REQUEST]: Responding to the client. handleHashGlob
[NX Daemon Server] - 2024-12-13T15:37:28.151Z - Done responding to the client handleHashGlob
[NX Daemon Server] - 2024-12-13T15:37:28.151Z - Handled HASH_GLOB. Handling time: 1. Response time: 0.
[NX Daemon Server] - 2024-12-13T15:37:28.173Z - Time taken for 'build-project-configs' 175.35062503814697ms
[NX Daemon Server] - 2024-12-13T15:37:28.180Z - Time taken for '@nx/storybook/plugin:createDependencies' 13.979374885559082ms
[NX Daemon Server] - 2024-12-13T15:37:28.180Z - Time taken for '@nx-dotnet/core:createDependencies' 12.323500633239746ms
[NX Daemon Server] - 2024-12-13T15:37:28.209Z - [SYNC]: collect registered sync generators
[NX Daemon Server] - 2024-12-13T15:37:28.210Z - [REQUEST]: Responding to the client. project-graph
[NX Daemon Server] - 2024-12-13T15:37:28.211Z - Time taken for 'total for creating and serializing project graph' 756.0429172515869ms
[NX Daemon Server] - 2024-12-13T15:37:28.217Z - Done responding to the client project-graph
[NX Daemon Server] - 2024-12-13T15:37:28.218Z - Handled REQUEST_PROJECT_GRAPH. Handling time: 757. Response time: 8.
[NX Daemon Server] - 2024-12-13T15:37:28.223Z - [REQUEST]: Responding to the client. handleContextFileData
[NX Daemon Server] - 2024-12-13T15:37:28.224Z - Done responding to the client handleContextFileData
[NX Daemon Server] - 2024-12-13T15:37:28.224Z - Handled GET_CONTEXT_FILE_DATA. Handling time: 0. Response time: 1.
[NX Daemon Server] - 2024-12-13T15:37:28.226Z - Closed a connection. Number of open connections: 5
[NX Daemon Server] - 2024-12-13T15:37:28.538Z - Established a connection. Number of open connections: 6
[NX Daemon Server] - 2024-12-13T15:37:28.539Z - Closed a connection. Number of open connections: 5
[NX Daemon Server] - 2024-12-13T15:37:28.539Z - Established a connection. Number of open connections: 6
[NX Daemon Server] - 2024-12-13T15:37:28.540Z - [REQUEST]: Client Request for Project Graph Received
[NX Daemon Server] - 2024-12-13T15:37:28.541Z - [REQUEST]: Responding to the client. project-graph
[NX Daemon Server] - 2024-12-13T15:37:28.543Z - Time taken for 'total for creating and serializing project graph' 0.3442497253417969ms
[NX Daemon Server] - 2024-12-13T15:37:28.547Z - Done responding to the client project-graph
[NX Daemon Server] - 2024-12-13T15:37:28.547Z - Handled REQUEST_PROJECT_GRAPH. Handling time: 1. Response time: 6.
[NX Daemon Server] - 2024-12-13T15:37:28.553Z - [REQUEST]: Client Request for Project Graph Received
[NX Daemon Server] - 2024-12-13T15:37:28.553Z - [REQUEST]: Responding to the client. project-graph
[NX Daemon Server] - 2024-12-13T15:37:28.556Z - Time taken for 'total for creating and serializing project graph' 0.37879085540771484ms
[NX Daemon Server] - 2024-12-13T15:37:28.559Z - Done responding to the client project-graph
[NX Daemon Server] - 2024-12-13T15:37:28.559Z - Handled REQUEST_PROJECT_GRAPH. Handling time: 0. Response time: 6.
[NX Daemon Server] - 2024-12-13T15:37:28.563Z - Established a connection. Number of open connections: 7
[NX Daemon Server] - 2024-12-13T15:38:36.808Z - [WATCHER]: Processing file changes in outputs
[NX Daemon Server] - 2024-12-13T15:39:38.983Z - [WATCHER]: libs/aws-infrastructure/package-lock.json was created or restored
[NX Daemon Server] - 2024-12-13T15:39:38.985Z - [WATCHER]: Processing file changes in outputs
[NX Daemon Server] - 2024-12-13T15:39:39.086Z - [REQUEST]: Updated workspace context based on watched changes, recomputing project graph...
[NX Daemon Server] - 2024-12-13T15:39:39.086Z - [REQUEST]: libs/aws-infrastructure/package-lock.json
[NX Daemon Server] - 2024-12-13T15:39:39.086Z - [REQUEST]: 
[NX Daemon Server] - 2024-12-13T15:39:39.099Z - [REQUEST]: Responding to the client. handleHashGlob
[NX Daemon Server] - 2024-12-13T15:39:39.099Z - Done responding to the client handleHashGlob
[NX Daemon Server] - 2024-12-13T15:39:39.099Z - Handled HASH_GLOB. Handling time: 0. Response time: 0.
[NX Daemon Server] - 2024-12-13T15:39:39.100Z - [REQUEST]: Responding to the client. handleGlob
[NX Daemon Server] - 2024-12-13T15:39:39.100Z - Done responding to the client handleGlob
[NX Daemon Server] - 2024-12-13T15:39:39.100Z - Handled GLOB. Handling time: 0. Response time: 0.
[NX Daemon Server] - 2024-12-13T15:39:39.101Z - [REQUEST]: Responding to the client. handleHashGlob
[NX Daemon Server] - 2024-12-13T15:39:39.101Z - Done responding to the client handleHashGlob
[NX Daemon Server] - 2024-12-13T15:39:39.101Z - Handled HASH_GLOB. Handling time: 1. Response time: 0.
[NX Daemon Server] - 2024-12-13T15:39:39.101Z - [REQUEST]: Responding to the client. handleHashGlob
[NX Daemon Server] - 2024-12-13T15:39:39.102Z - Done responding to the client handleHashGlob
[NX Daemon Server] - 2024-12-13T15:39:39.102Z - Handled HASH_GLOB. Handling time: 0. Response time: 1.
[NX Daemon Server] - 2024-12-13T15:39:39.102Z - [REQUEST]: Responding to the client. handleHashGlob
[NX Daemon Server] - 2024-12-13T15:39:39.102Z - Done responding to the client handleHashGlob
[NX Daemon Server] - 2024-12-13T15:39:39.102Z - Handled HASH_GLOB. Handling time: 0. Response time: 0.
[NX Daemon Server] - 2024-12-13T15:39:39.102Z - Time taken for 'hash changed files from watcher' 0.18029022216796875ms
[NX Daemon Server] - 2024-12-13T15:39:39.103Z - [REQUEST]: Responding to the client. handleHashGlob
[NX Daemon Server] - 2024-12-13T15:39:39.103Z - Done responding to the client handleHashGlob
[NX Daemon Server] - 2024-12-13T15:39:39.103Z - Handled HASH_GLOB. Handling time: 0. Response time: 0.
[NX Daemon Server] - 2024-12-13T15:39:39.104Z - [REQUEST]: Responding to the client. handleHashGlob
[NX Daemon Server] - 2024-12-13T15:39:39.104Z - Done responding to the client handleHashGlob
[NX Daemon Server] - 2024-12-13T15:39:39.104Z - Handled HASH_GLOB. Handling time: 0. Response time: 0.
[NX Daemon Server] - 2024-12-13T15:39:39.105Z - [REQUEST]: Responding to the client. handleHashGlob
[NX Daemon Server] - 2024-12-13T15:39:39.105Z - Done responding to the client handleHashGlob
[NX Daemon Server] - 2024-12-13T15:39:39.105Z - Handled HASH_GLOB. Handling time: 1. Response time: 0.
[NX Daemon Server] - 2024-12-13T15:39:39.105Z - [REQUEST]: Responding to the client. handleHashGlob
[NX Daemon Server] - 2024-12-13T15:39:39.105Z - Done responding to the client handleHashGlob
[NX Daemon Server] - 2024-12-13T15:39:39.105Z - Handled HASH_GLOB. Handling time: 0. Response time: 0.
[NX Daemon Server] - 2024-12-13T15:39:39.651Z - [REQUEST]: Responding to the client. handleHashGlob
[NX Daemon Server] - 2024-12-13T15:39:39.651Z - Done responding to the client handleHashGlob
[NX Daemon Server] - 2024-12-13T15:39:39.651Z - Handled HASH_GLOB. Handling time: 0. Response time: 0.
[NX Daemon Server] - 2024-12-13T15:39:39.652Z - [REQUEST]: Responding to the client. handleHashGlob
[NX Daemon Server] - 2024-12-13T15:39:39.652Z - Done responding to the client handleHashGlob
[NX Daemon Server] - 2024-12-13T15:39:39.652Z - Handled HASH_GLOB. Handling time: 0. Response time: 0.
[NX Daemon Server] - 2024-12-13T15:39:39.653Z - [REQUEST]: Responding to the client. handleHashGlob
[NX Daemon Server] - 2024-12-13T15:39:39.653Z - Done responding to the client handleHashGlob
[NX Daemon Server] - 2024-12-13T15:39:39.653Z - Handled HASH_GLOB. Handling time: 1. Response time: 0.
[NX Daemon Server] - 2024-12-13T15:39:39.690Z - Time taken for 'build-project-configs' 593.8832082748413ms
[NX Daemon Server] - 2024-12-13T15:39:39.694Z - Time taken for '@nx-dotnet/core:createDependencies' 8.231583595275879ms
[NX Daemon Server] - 2024-12-13T15:39:39.694Z - Time taken for '@nx/storybook/plugin:createDependencies' 10.583958625793457ms
[NX Daemon Server] - 2024-12-13T15:39:39.752Z - [SYNC]: collect registered sync generators
[NX Daemon Server] - 2024-12-13T15:39:39.752Z - [SYNC]: project graph hash is the same, not collecting task sync generators
[NX Daemon Server] - 2024-12-13T15:39:39.752Z - [SYNC]: nx.json hash is the same, not collecting global sync generators
[NX Daemon Server] - 2024-12-13T15:39:39.752Z - [REQUEST]: Responding to the client. File watch changed
[NX Daemon Server] - 2024-12-13T15:39:39.752Z - Done responding to the client File watch changed
[NX Daemon Server] - 2024-12-13T15:39:39.752Z - Handled FILE-WATCH-CHANGED. Handling time: 0. Response time: 0.
[NX Daemon Server] - 2024-12-13T15:39:39.752Z - Time taken for 'total execution time for createProjectGraph()' 58.07075023651123ms
[NX Daemon Server] - 2024-12-13T15:39:40.757Z - [REQUEST]: Client Request for Project Graph Received
[NX Daemon Server] - 2024-12-13T15:39:40.757Z - [REQUEST]: Responding to the client. project-graph
[NX Daemon Server] - 2024-12-13T15:39:40.759Z - Time taken for 'total for creating and serializing project graph' 0.2447500228881836ms
[NX Daemon Server] - 2024-12-13T15:39:40.761Z - Done responding to the client project-graph
[NX Daemon Server] - 2024-12-13T15:39:40.761Z - Handled REQUEST_PROJECT_GRAPH. Handling time: 0. Response time: 4.
[NX Daemon Server] - 2024-12-13T15:39:40.766Z - [REQUEST]: Responding to the client. handleContextFileData
[NX Daemon Server] - 2024-12-13T15:39:40.766Z - Done responding to the client handleContextFileData
[NX Daemon Server] - 2024-12-13T15:39:40.766Z - Handled GET_CONTEXT_FILE_DATA. Handling time: 0. Response time: 0.
[NX Daemon Server] - 2024-12-13T15:39:40.767Z - Closed a connection. Number of open connections: 6
[NX Daemon Server] - 2024-12-13T15:39:40.825Z - Closed a connection. Number of open connections: 5
[NX Daemon Server] - 2024-12-13T15:39:40.925Z - Closed a connection. Number of open connections: 4
[NX Daemon Server] - 2024-12-13T15:39:40.925Z - Closed a connection. Number of open connections: 3
[NX Daemon Server] - 2024-12-13T15:39:40.925Z - Closed a connection. Number of open connections: 2
[NX Daemon Server] - 2024-12-13T15:39:40.925Z - Closed a connection. Number of open connections: 1
[NX Daemon Server] - 2024-12-13T15:39:40.925Z - Closed a connection. Number of open connections: 0
[NX Daemon Server] - 2024-12-13T15:39:40.925Z - [WATCHER]: Stopping the watcher for /Users/michaelgilge/Code/GTechIndustries (sources)
[NX Daemon Server] - 2024-12-13T15:39:40.924Z - Started listening on: /var/folders/pt/d_fg87hx65j566znvpk25z4h0000gn/T/7076b0eded40792afa37/d.sock
[NX Daemon Server] - 2024-12-13T15:39:40.926Z - [WATCHER]: Subscribed to changes within: /Users/michaelgilge/Code/GTechIndustries (native)
[NX Daemon Server] - 2024-12-13T15:39:40.989Z - [WATCHER]: Processing file changes in outputs
[NX Daemon Server] - 2024-12-13T15:39:41.367Z - [REQUEST]: Updated workspace context based on watched changes, recomputing project graph...
[NX Daemon Server] - 2024-12-13T15:39:41.368Z - [REQUEST]: 
[NX Daemon Server] - 2024-12-13T15:39:41.368Z - [REQUEST]: 
[NX Daemon Server] - 2024-12-13T15:41:41.463Z - [WATCHER]: Processing file changes in outputs
[NX Daemon Server] - 2024-12-13T15:42:07.435Z - [WATCHER]: Processing file changes in outputs
[NX Daemon Server] - 2024-12-13T15:42:46.198Z - [WATCHER]: Stopping the watcher for /Users/michaelgilge/Code/GTechIndustries (sources)
[NX Daemon Server] - 2024-12-13T15:42:46.198Z - Started listening on: /var/folders/pt/d_fg87hx65j566znvpk25z4h0000gn/T/7076b0eded40792afa37/d.sock
[NX Daemon Server] - 2024-12-13T15:42:46.200Z - [WATCHER]: Subscribed to changes within: /Users/michaelgilge/Code/GTechIndustries (native)
[NX Daemon Server] - 2024-12-13T15:42:46.259Z - [WATCHER]: Processing file changes in outputs
[NX Daemon Server] - 2024-12-13T15:42:46.620Z - [REQUEST]: Updated workspace context based on watched changes, recomputing project graph...
[NX Daemon Server] - 2024-12-13T15:42:46.620Z - [REQUEST]: 
[NX Daemon Server] - 2024-12-13T15:42:46.620Z - [REQUEST]: 
[NX Daemon Server] - 2024-12-13T15:48:19.758Z - [WATCHER]: Stopping the watcher for /Users/michaelgilge/Code/GTechIndustries (sources)
[NX Daemon Server] - 2024-12-13T15:48:19.758Z - [WATCHER]: Stopping the watcher for /Users/michaelgilge/Code/GTechIndustries (outputs)
[NX Daemon Server] - 2024-12-13T15:48:19.757Z - Started listening on: /var/folders/pt/d_fg87hx65j566znvpk25z4h0000gn/T/7076b0eded40792afa37/d.sock
[NX Daemon Server] - 2024-12-13T15:48:19.759Z - [WATCHER]: Subscribed to changes within: /Users/michaelgilge/Code/GTechIndustries (native)
[NX Daemon Server] - 2024-12-13T15:48:20.150Z - [REQUEST]: Updated workspace context based on watched changes, recomputing project graph...
[NX Daemon Server] - 2024-12-13T15:48:20.150Z - [REQUEST]: 
[NX Daemon Server] - 2024-12-13T15:48:20.150Z - [REQUEST]: 
[NX Daemon Server] - 2024-12-13T15:51:10.854Z - [WATCHER]: Processing file changes in outputs
[NX Daemon Server] - 2024-12-13T15:52:48.970Z - [WATCHER]: Processing file changes in outputs
[NX Daemon Server] - 2024-12-13T15:52:48.970Z - [WATCHER]: Stopping the watcher for /Users/michaelgilge/Code/GTechIndustries (sources)
[NX Daemon Server] - 2024-12-13T15:52:48.970Z - [WATCHER]: Stopping the watcher for /Users/michaelgilge/Code/GTechIndustries (outputs)
[NX Daemon Server] - 2024-12-13T15:56:17.389Z - Started listening on: /var/folders/pt/d_fg87hx65j566znvpk25z4h0000gn/T/7076b0eded40792afa37/d.sock
[NX Daemon Server] - 2024-12-13T15:56:17.390Z - [WATCHER]: Subscribed to changes within: /Users/michaelgilge/Code/GTechIndustries (native)
[NX Daemon Server] - 2024-12-13T15:56:17.391Z - Established a connection. Number of open connections: 1
[NX Daemon Server] - 2024-12-13T15:56:17.391Z - Established a connection. Number of open connections: 2
[NX Daemon Server] - 2024-12-13T15:56:17.392Z - Closed a connection. Number of open connections: 1
[NX Daemon Server] - 2024-12-13T15:56:17.393Z - [REQUEST]: Responding to the client. Shutdown initiated
[NX Daemon Server] - 2024-12-13T15:56:17.393Z - Done responding to the client Shutdown initiated
[NX Daemon Server] - 2024-12-13T15:56:17.393Z - Handled FORCE_SHUTDOWN. Handling time: 1. Response time: 0.
[NX Daemon Server] - 2024-12-13T15:56:17.393Z - [WATCHER]: Stopping the watcher for /Users/michaelgilge/Code/GTechIndustries (sources)
[NX Daemon Server] - 2024-12-13T15:56:17.393Z - Closed a connection. Number of open connections: 0
[NX Daemon Server] - 2024-12-13T15:56:17.393Z - [WATCHER]: Stopping the watcher for /Users/michaelgilge/Code/GTechIndustries (outputs)
[NX Daemon Server] - 2024-12-13T15:56:19.482Z - Started listening on: /var/folders/pt/d_fg87hx65j566znvpk25z4h0000gn/T/7076b0eded40792afa37/d.sock
[NX Daemon Server] - 2024-12-13T15:56:19.483Z - [WATCHER]: Subscribed to changes within: /Users/michaelgilge/Code/GTechIndustries (native)
[NX Daemon Server] - 2024-12-13T15:56:19.491Z - Established a connection. Number of open connections: 1
[NX Daemon Server] - 2024-12-13T15:56:19.491Z - Established a connection. Number of open connections: 2
[NX Daemon Server] - 2024-12-13T15:56:19.492Z - Closed a connection. Number of open connections: 1
[NX Daemon Server] - 2024-12-13T15:56:19.492Z - Established a connection. Number of open connections: 2
[NX Daemon Server] - 2024-12-13T15:56:19.492Z - Closed a connection. Number of open connections: 1
[NX Daemon Server] - 2024-12-13T15:56:19.493Z - [REQUEST]: Client Request for Project Graph Received
[NX Daemon Server] - 2024-12-13T15:56:19.545Z - [WATCHER]: Processing file changes in outputs
[NX Daemon Server] - 2024-12-13T15:56:19.618Z - Time taken for 'Load Nx Plugin: /Users/michaelgilge/Code/GTechIndustries/node_modules/nx/src/plugins/project-json/build-nodes/project-json' 123.78504199999999ms
[NX Daemon Server] - 2024-12-13T15:56:19.618Z - Time taken for 'Load Nx Plugin: /Users/michaelgilge/Code/GTechIndustries/node_modules/nx/src/plugins/package-json' 124.171167ms
[NX Daemon Server] - 2024-12-13T15:56:19.620Z - Time taken for 'Load Nx Plugin: /Users/michaelgilge/Code/GTechIndustries/node_modules/nx/src/plugins/js' 126.108667ms
[NX Daemon Server] - 2024-12-13T15:56:19.643Z - Time taken for 'Load Nx Plugin: @nx/eslint/plugin' 149.187208ms
[NX Daemon Server] - 2024-12-13T15:56:19.654Z - Time taken for 'Load Nx Plugin: @nx/jest/plugin' 159.914125ms
[NX Daemon Server] - 2024-12-13T15:56:19.666Z - Time taken for 'Load Nx Plugin: @nx/webpack/plugin' 172.5595ms
[NX Daemon Server] - 2024-12-13T15:56:19.666Z - Time taken for 'Load Nx Plugin: @nx/rollup/plugin' 172.593667ms
[NX Daemon Server] - 2024-12-13T15:56:19.672Z - Time taken for 'Load Nx Plugin: @nx/storybook/plugin' 177.90254199999998ms
[NX Daemon Server] - 2024-12-13T15:56:19.678Z - Time taken for 'Load Nx Plugin: @nx/cypress/plugin' 184.382ms
[NX Daemon Server] - 2024-12-13T15:56:19.826Z - [REQUEST]: Updated workspace context based on watched changes, recomputing project graph...
[NX Daemon Server] - 2024-12-13T15:56:19.826Z - [REQUEST]: 
[NX Daemon Server] - 2024-12-13T15:56:19.826Z - [REQUEST]: 
[NX Daemon Server] - 2024-12-13T15:56:19.837Z - Time taken for 'loadNxPlugins' 332.59533400000004ms
[NX Daemon Server] - 2024-12-13T15:56:19.837Z - Established a connection. Number of open connections: 2
[NX Daemon Server] - 2024-12-13T15:56:19.838Z - Established a connection. Number of open connections: 3
[NX Daemon Server] - 2024-12-13T15:56:19.838Z - Closed a connection. Number of open connections: 2
[NX Daemon Server] - 2024-12-13T15:56:19.838Z - Established a connection. Number of open connections: 3
[NX Daemon Server] - 2024-12-13T15:56:19.839Z - [REQUEST]: Responding to the client. handleHashGlob
[NX Daemon Server] - 2024-12-13T15:56:19.839Z - Done responding to the client handleHashGlob
[NX Daemon Server] - 2024-12-13T15:56:19.839Z - Handled HASH_GLOB. Handling time: 0. Response time: 1.
[NX Daemon Server] - 2024-12-13T15:56:19.839Z - Established a connection. Number of open connections: 4
[NX Daemon Server] - 2024-12-13T15:56:19.839Z - Closed a connection. Number of open connections: 3
[NX Daemon Server] - 2024-12-13T15:56:19.839Z - Established a connection. Number of open connections: 4
[NX Daemon Server] - 2024-12-13T15:56:19.840Z - [REQUEST]: Responding to the client. handleGlob
[NX Daemon Server] - 2024-12-13T15:56:19.840Z - Done responding to the client handleGlob
[NX Daemon Server] - 2024-12-13T15:56:19.840Z - Handled GLOB. Handling time: 1. Response time: 0.
[NX Daemon Server] - 2024-12-13T15:56:19.840Z - Established a connection. Number of open connections: 5
[NX Daemon Server] - 2024-12-13T15:56:19.840Z - Closed a connection. Number of open connections: 4
[NX Daemon Server] - 2024-12-13T15:56:19.840Z - Established a connection. Number of open connections: 5
[NX Daemon Server] - 2024-12-13T15:56:19.840Z - [REQUEST]: Responding to the client. handleHashGlob
[NX Daemon Server] - 2024-12-13T15:56:19.840Z - Done responding to the client handleHashGlob
[NX Daemon Server] - 2024-12-13T15:56:19.840Z - Handled HASH_GLOB. Handling time: 0. Response time: 0.
[NX Daemon Server] - 2024-12-13T15:56:19.840Z - Established a connection. Number of open connections: 6
[NX Daemon Server] - 2024-12-13T15:56:19.840Z - Closed a connection. Number of open connections: 5
[NX Daemon Server] - 2024-12-13T15:56:19.840Z - Established a connection. Number of open connections: 6
[NX Daemon Server] - 2024-12-13T15:56:19.841Z - [REQUEST]: Responding to the client. handleHashGlob
[NX Daemon Server] - 2024-12-13T15:56:19.841Z - Done responding to the client handleHashGlob
[NX Daemon Server] - 2024-12-13T15:56:19.841Z - Handled HASH_GLOB. Handling time: 0. Response time: 0.
[NX Daemon Server] - 2024-12-13T15:56:19.841Z - Established a connection. Number of open connections: 7
[NX Daemon Server] - 2024-12-13T15:56:19.841Z - Closed a connection. Number of open connections: 6
[NX Daemon Server] - 2024-12-13T15:56:19.841Z - [REQUEST]: Responding to the client. handleHashGlob
[NX Daemon Server] - 2024-12-13T15:56:19.842Z - Done responding to the client handleHashGlob
[NX Daemon Server] - 2024-12-13T15:56:19.842Z - Handled HASH_GLOB. Handling time: 0. Response time: 1.
[NX Daemon Server] - 2024-12-13T15:56:19.842Z - [REQUEST]: Responding to the client. handleHashGlob
[NX Daemon Server] - 2024-12-13T15:56:19.843Z - Done responding to the client handleHashGlob
[NX Daemon Server] - 2024-12-13T15:56:19.843Z - Handled HASH_GLOB. Handling time: 0. Response time: 1.
[NX Daemon Server] - 2024-12-13T15:56:19.843Z - [REQUEST]: Responding to the client. handleHashGlob
[NX Daemon Server] - 2024-12-13T15:56:19.843Z - Done responding to the client handleHashGlob
[NX Daemon Server] - 2024-12-13T15:56:19.843Z - Handled HASH_GLOB. Handling time: 0. Response time: 0.
[NX Daemon Server] - 2024-12-13T15:56:19.901Z - [REQUEST]: Responding to the client. handleHashGlob
[NX Daemon Server] - 2024-12-13T15:56:19.901Z - Done responding to the client handleHashGlob
[NX Daemon Server] - 2024-12-13T15:56:19.901Z - Handled HASH_GLOB. Handling time: 0. Response time: 0.
[NX Daemon Server] - 2024-12-13T15:56:19.902Z - [REQUEST]: Responding to the client. handleHashGlob
[NX Daemon Server] - 2024-12-13T15:56:19.903Z - Done responding to the client handleHashGlob
[NX Daemon Server] - 2024-12-13T15:56:19.903Z - Handled HASH_GLOB. Handling time: 0. Response time: 1.
(node:97496) [DEP0180] DeprecationWarning: fs.Stats constructor is deprecated.
(Use `node --trace-deprecation ...` to show where the warning was created)
(node:97493) [DEP0180] DeprecationWarning: fs.Stats constructor is deprecated.
(Use `node --trace-deprecation ...` to show where the warning was created)
[NX Daemon Server] - 2024-12-13T15:56:20.124Z - [REQUEST]: Responding to the client. handleGlob
[NX Daemon Server] - 2024-12-13T15:56:20.124Z - Done responding to the client handleGlob
[NX Daemon Server] - 2024-12-13T15:56:20.124Z - Handled GLOB. Handling time: 1. Response time: 0.
[NX Daemon Server] - 2024-12-13T15:56:20.241Z - [REQUEST]: Responding to the client. handleHashGlob
[NX Daemon Server] - 2024-12-13T15:56:20.241Z - Done responding to the client handleHashGlob
[NX Daemon Server] - 2024-12-13T15:56:20.241Z - Handled HASH_GLOB. Handling time: 0. Response time: 0.
[NX Daemon Server] - 2024-12-13T15:56:20.242Z - [REQUEST]: Responding to the client. handleHashGlob
[NX Daemon Server] - 2024-12-13T15:56:20.242Z - Done responding to the client handleHashGlob
[NX Daemon Server] - 2024-12-13T15:56:20.242Z - Handled HASH_GLOB. Handling time: 0. Response time: 0.
[NX Daemon Server] - 2024-12-13T15:56:20.242Z - [REQUEST]: Responding to the client. handleHashGlob
[NX Daemon Server] - 2024-12-13T15:56:20.243Z - Done responding to the client handleHashGlob
[NX Daemon Server] - 2024-12-13T15:56:20.243Z - Handled HASH_GLOB. Handling time: 0. Response time: 1.
[NX Daemon Server] - 2024-12-13T15:56:20.258Z - Time taken for 'build-project-configs' 418.585166ms
[NX Daemon Server] - 2024-12-13T15:56:20.261Z - Time taken for '@nx-dotnet/core:createDependencies' 4.9734999999999445ms
[NX Daemon Server] - 2024-12-13T15:56:20.261Z - Time taken for '@nx/storybook/plugin:createDependencies' 6.010999999999967ms
[NX Daemon Server] - 2024-12-13T15:56:20.301Z - [SYNC]: collect registered sync generators
[NX Daemon Server] - 2024-12-13T15:56:20.301Z - [REQUEST]: Responding to the client. project-graph
[NX Daemon Server] - 2024-12-13T15:56:20.302Z - Time taken for 'total for creating and serializing project graph' 808.9382919999999ms
[NX Daemon Server] - 2024-12-13T15:56:20.303Z - Done responding to the client project-graph
[NX Daemon Server] - 2024-12-13T15:56:20.303Z - Handled REQUEST_PROJECT_GRAPH. Handling time: 809. Response time: 2.
[NX Daemon Server] - 2024-12-13T15:56:20.559Z - Closed a connection. Number of open connections: 5
[NX Daemon Server] - 2024-12-13T15:57:01.931Z - [WATCHER]: Processing file changes in outputs
[NX Daemon Server] - 2024-12-13T15:57:32.321Z - Established a connection. Number of open connections: 6
[NX Daemon Server] - 2024-12-13T15:57:32.322Z - Closed a connection. Number of open connections: 5
[NX Daemon Server] - 2024-12-13T15:57:32.322Z - Established a connection. Number of open connections: 6
[NX Daemon Server] - 2024-12-13T15:57:32.323Z - [REQUEST]: Responding to the client. Shutdown initiated
[NX Daemon Server] - 2024-12-13T15:57:32.323Z - Done responding to the client Shutdown initiated
[NX Daemon Server] - 2024-12-13T15:57:32.323Z - Handled FORCE_SHUTDOWN. Handling time: 0. Response time: 0.
[NX Daemon Server] - 2024-12-13T15:57:32.325Z - [WATCHER]: Stopping the watcher for /Users/michaelgilge/Code/GTechIndustries (sources)
[NX Daemon Server] - 2024-12-13T15:57:32.325Z - Closed a connection. Number of open connections: 5
[NX Daemon Server] - 2024-12-13T15:57:32.325Z - Closed a connection. Number of open connections: 4
[NX Daemon Server] - 2024-12-13T15:57:32.325Z - Closed a connection. Number of open connections: 3
[NX Daemon Server] - 2024-12-13T15:57:32.325Z - Closed a connection. Number of open connections: 2
[NX Daemon Server] - 2024-12-13T15:57:32.325Z - Closed a connection. Number of open connections: 1
[NX Daemon Server] - 2024-12-13T15:57:32.325Z - Closed a connection. Number of open connections: 0
[NX Daemon Server] - 2024-12-13T15:57:32.325Z - [WATCHER]: Stopping the watcher for /Users/michaelgilge/Code/GTechIndustries (outputs)
[NX Daemon Server] - 2024-12-13T15:57:35.821Z - Started listening on: /var/folders/pt/d_fg87hx65j566znvpk25z4h0000gn/T/7076b0eded40792afa37/d.sock
[NX Daemon Server] - 2024-12-13T15:57:35.822Z - [WATCHER]: Subscribed to changes within: /Users/michaelgilge/Code/GTechIndustries (native)
[NX Daemon Server] - 2024-12-13T15:57:35.831Z - Established a connection. Number of open connections: 1
[NX Daemon Server] - 2024-12-13T15:57:35.832Z - Established a connection. Number of open connections: 2
[NX Daemon Server] - 2024-12-13T15:57:35.832Z - Closed a connection. Number of open connections: 1
[NX Daemon Server] - 2024-12-13T15:57:35.833Z - [REQUEST]: Responding to the client. Shutdown initiated
[NX Daemon Server] - 2024-12-13T15:57:35.833Z - Done responding to the client Shutdown initiated
[NX Daemon Server] - 2024-12-13T15:57:35.833Z - Handled FORCE_SHUTDOWN. Handling time: 0. Response time: 0.
[NX Daemon Server] - 2024-12-13T15:57:35.835Z - [WATCHER]: Stopping the watcher for /Users/michaelgilge/Code/GTechIndustries (sources)
[NX Daemon Server] - 2024-12-13T15:57:35.835Z - Closed a connection. Number of open connections: 0
[NX Daemon Server] - 2024-12-13T15:57:35.835Z - [WATCHER]: Stopping the watcher for /Users/michaelgilge/Code/GTechIndustries (outputs)
[NX Daemon Server] - 2024-12-13T15:58:44.732Z - Started listening on: /var/folders/pt/d_fg87hx65j566znvpk25z4h0000gn/T/7076b0eded40792afa37/d.sock
[NX Daemon Server] - 2024-12-13T15:58:44.733Z - [WATCHER]: Subscribed to changes within: /Users/michaelgilge/Code/GTechIndustries (native)
[NX Daemon Server] - 2024-12-13T15:58:44.734Z - Established a connection. Number of open connections: 1
[NX Daemon Server] - 2024-12-13T15:58:44.734Z - Established a connection. Number of open connections: 2
[NX Daemon Server] - 2024-12-13T15:58:44.735Z - Closed a connection. Number of open connections: 1
[NX Daemon Server] - 2024-12-13T15:58:44.735Z - [REQUEST]: Client Request for Project Graph Received
[NX Daemon Server] - 2024-12-13T15:58:44.797Z - [WATCHER]: Processing file changes in outputs
[NX Daemon Server] - 2024-12-13T15:58:44.873Z - Time taken for 'Load Nx Plugin: /Users/michaelgilge/Code/GTechIndustries/node_modules/nx/src/plugins/project-json/build-nodes/project-json' 135.965167ms
[NX Daemon Server] - 2024-12-13T15:58:44.874Z - Time taken for 'Load Nx Plugin: /Users/michaelgilge/Code/GTechIndustries/node_modules/nx/src/plugins/js' 137.176584ms
[NX Daemon Server] - 2024-12-13T15:58:44.881Z - Time taken for 'Load Nx Plugin: /Users/michaelgilge/Code/GTechIndustries/node_modules/nx/src/plugins/package-json' 144.534292ms
[NX Daemon Server] - 2024-12-13T15:58:44.914Z - Time taken for 'Load Nx Plugin: @nx/eslint/plugin' 177.688083ms
[NX Daemon Server] - 2024-12-13T15:58:44.917Z - Time taken for 'Load Nx Plugin: @nx/jest/plugin' 180.87237500000003ms
[NX Daemon Server] - 2024-12-13T15:58:44.924Z - Time taken for 'Load Nx Plugin: @nx/storybook/plugin' 187.789875ms
[NX Daemon Server] - 2024-12-13T15:58:44.934Z - Time taken for 'Load Nx Plugin: @nx/cypress/plugin' 197.827625ms
[NX Daemon Server] - 2024-12-13T15:58:44.948Z - Time taken for 'Load Nx Plugin: @nx/rollup/plugin' 211.14020799999997ms
[NX Daemon Server] - 2024-12-13T15:58:44.951Z - Time taken for 'Load Nx Plugin: @nx/webpack/plugin' 214.924375ms
[NX Daemon Server] - 2024-12-13T15:58:45.094Z - [REQUEST]: Updated workspace context based on watched changes, recomputing project graph...
[NX Daemon Server] - 2024-12-13T15:58:45.095Z - [REQUEST]: 
[NX Daemon Server] - 2024-12-13T15:58:45.095Z - [REQUEST]: 
[NX Daemon Server] - 2024-12-13T15:58:45.106Z - Time taken for 'loadNxPlugins' 358.651084ms
[NX Daemon Server] - 2024-12-13T15:58:45.106Z - Established a connection. Number of open connections: 2
[NX Daemon Server] - 2024-12-13T15:58:45.106Z - Established a connection. Number of open connections: 3
[NX Daemon Server] - 2024-12-13T15:58:45.107Z - Closed a connection. Number of open connections: 2
[NX Daemon Server] - 2024-12-13T15:58:45.107Z - Established a connection. Number of open connections: 3
[NX Daemon Server] - 2024-12-13T15:58:45.107Z - [REQUEST]: Responding to the client. handleHashGlob
[NX Daemon Server] - 2024-12-13T15:58:45.107Z - Done responding to the client handleHashGlob
[NX Daemon Server] - 2024-12-13T15:58:45.107Z - Handled HASH_GLOB. Handling time: 0. Response time: 0.
[NX Daemon Server] - 2024-12-13T15:58:45.108Z - Established a connection. Number of open connections: 4
[NX Daemon Server] - 2024-12-13T15:58:45.108Z - Closed a connection. Number of open connections: 3
[NX Daemon Server] - 2024-12-13T15:58:45.108Z - Established a connection. Number of open connections: 4
[NX Daemon Server] - 2024-12-13T15:58:45.108Z - [REQUEST]: Responding to the client. handleGlob
[NX Daemon Server] - 2024-12-13T15:58:45.108Z - Done responding to the client handleGlob
[NX Daemon Server] - 2024-12-13T15:58:45.108Z - Handled GLOB. Handling time: 0. Response time: 0.
[NX Daemon Server] - 2024-12-13T15:58:45.109Z - Established a connection. Number of open connections: 5
[NX Daemon Server] - 2024-12-13T15:58:45.109Z - Closed a connection. Number of open connections: 4
[NX Daemon Server] - 2024-12-13T15:58:45.109Z - Established a connection. Number of open connections: 5
[NX Daemon Server] - 2024-12-13T15:58:45.109Z - [REQUEST]: Responding to the client. handleHashGlob
[NX Daemon Server] - 2024-12-13T15:58:45.109Z - Done responding to the client handleHashGlob
[NX Daemon Server] - 2024-12-13T15:58:45.109Z - Handled HASH_GLOB. Handling time: 0. Response time: 0.
[NX Daemon Server] - 2024-12-13T15:58:45.109Z - Established a connection. Number of open connections: 6
[NX Daemon Server] - 2024-12-13T15:58:45.109Z - Closed a connection. Number of open connections: 5
[NX Daemon Server] - 2024-12-13T15:58:45.109Z - Established a connection. Number of open connections: 6
[NX Daemon Server] - 2024-12-13T15:58:45.110Z - [REQUEST]: Responding to the client. handleHashGlob
[NX Daemon Server] - 2024-12-13T15:58:45.110Z - Done responding to the client handleHashGlob
[NX Daemon Server] - 2024-12-13T15:58:45.110Z - Handled HASH_GLOB. Handling time: 0. Response time: 0.
[NX Daemon Server] - 2024-12-13T15:58:45.110Z - Established a connection. Number of open connections: 7
[NX Daemon Server] - 2024-12-13T15:58:45.110Z - Closed a connection. Number of open connections: 6
[NX Daemon Server] - 2024-12-13T15:58:45.111Z - [REQUEST]: Responding to the client. handleHashGlob
[NX Daemon Server] - 2024-12-13T15:58:45.111Z - Done responding to the client handleHashGlob
[NX Daemon Server] - 2024-12-13T15:58:45.111Z - Handled HASH_GLOB. Handling time: 0. Response time: 0.
[NX Daemon Server] - 2024-12-13T15:58:45.112Z - [REQUEST]: Responding to the client. handleHashGlob
[NX Daemon Server] - 2024-12-13T15:58:45.112Z - Done responding to the client handleHashGlob
[NX Daemon Server] - 2024-12-13T15:58:45.112Z - Handled HASH_GLOB. Handling time: 1. Response time: 0.
[NX Daemon Server] - 2024-12-13T15:58:45.112Z - [REQUEST]: Responding to the client. handleHashGlob
[NX Daemon Server] - 2024-12-13T15:58:45.113Z - Done responding to the client handleHashGlob
[NX Daemon Server] - 2024-12-13T15:58:45.113Z - Handled HASH_GLOB. Handling time: 0. Response time: 1.
[NX Daemon Server] - 2024-12-13T15:58:45.166Z - [REQUEST]: Responding to the client. handleHashGlob
[NX Daemon Server] - 2024-12-13T15:58:45.166Z - Done responding to the client handleHashGlob
[NX Daemon Server] - 2024-12-13T15:58:45.166Z - Handled HASH_GLOB. Handling time: 0. Response time: 0.
[NX Daemon Server] - 2024-12-13T15:58:45.167Z - [REQUEST]: Responding to the client. handleHashGlob
[NX Daemon Server] - 2024-12-13T15:58:45.167Z - Done responding to the client handleHashGlob
[NX Daemon Server] - 2024-12-13T15:58:45.167Z - Handled HASH_GLOB. Handling time: 1. Response time: 0.
[NX Daemon Server] - 2024-12-13T15:58:45.168Z - [REQUEST]: Responding to the client. handleHashGlob
[NX Daemon Server] - 2024-12-13T15:58:45.168Z - Done responding to the client handleHashGlob
[NX Daemon Server] - 2024-12-13T15:58:45.168Z - Handled HASH_GLOB. Handling time: 0. Response time: 0.
[NX Daemon Server] - 2024-12-13T15:58:45.169Z - [REQUEST]: Responding to the client. handleHashGlob
[NX Daemon Server] - 2024-12-13T15:58:45.169Z - Done responding to the client handleHashGlob
[NX Daemon Server] - 2024-12-13T15:58:45.169Z - Handled HASH_GLOB. Handling time: 0. Response time: 0.
[NX Daemon Server] - 2024-12-13T15:58:45.171Z - [REQUEST]: Responding to the client. handleHashGlob
[NX Daemon Server] - 2024-12-13T15:58:45.171Z - Done responding to the client handleHashGlob
[NX Daemon Server] - 2024-12-13T15:58:45.171Z - Handled HASH_GLOB. Handling time: 1. Response time: 0.
[NX Daemon Server] - 2024-12-13T15:58:45.186Z - Time taken for 'build-project-configs' 78.41179200000005ms
[NX Daemon Server] - 2024-12-13T15:58:45.189Z - Time taken for '@nx/storybook/plugin:createDependencies' 5.749667000000045ms
[NX Daemon Server] - 2024-12-13T15:58:45.204Z - [SYNC]: collect registered sync generators
[NX Daemon Server] - 2024-12-13T15:58:45.205Z - [REQUEST]: Responding to the client. project-graph
[NX Daemon Server] - 2024-12-13T15:58:45.205Z - Time taken for 'total for creating and serializing project graph' 469.40258299999994ms
[NX Daemon Server] - 2024-12-13T15:58:45.206Z - Done responding to the client project-graph
[NX Daemon Server] - 2024-12-13T15:58:45.206Z - Handled REQUEST_PROJECT_GRAPH. Handling time: 470. Response time: 1.
[NX Daemon Server] - 2024-12-13T15:58:45.258Z - [REQUEST]: Responding to the client. handleHashTasks
[NX Daemon Server] - 2024-12-13T15:58:45.258Z - Done responding to the client handleHashTasks
[NX Daemon Server] - 2024-12-13T15:58:45.258Z - Handled HASH_TASKS. Handling time: 10. Response time: 1.
[NX Daemon Server] - 2024-12-13T15:58:45.386Z - [REQUEST]: Responding to the client. handleGetEstimatedTaskTimings
[NX Daemon Server] - 2024-12-13T15:58:45.386Z - Done responding to the client handleGetEstimatedTaskTimings
[NX Daemon Server] - 2024-12-13T15:58:45.386Z - Handled GET_ESTIMATED_TASK_TIMINGS. Handling time: 30. Response time: 0.
[NX Daemon Server] - 2024-12-13T15:58:46.796Z - [WATCHER]: Processing file changes in outputs
[NX Daemon Server] - 2024-12-13T16:00:15.185Z - [WATCHER]: Processing file changes in outputs
[NX Daemon Server] - 2024-12-13T16:00:40.513Z - [WATCHER]: apps/gtech-industries/src/app/resume-controller/resume-controller.tsx was modified
[NX Daemon Server] - 2024-12-13T16:00:40.513Z - [WATCHER]: Processing file changes in outputs
[NX Daemon Server] - 2024-12-13T16:00:40.614Z - [REQUEST]: Updated workspace context based on watched changes, recomputing project graph...
[NX Daemon Server] - 2024-12-13T16:00:40.614Z - [REQUEST]: apps/gtech-industries/src/app/resume-controller/resume-controller.tsx
[NX Daemon Server] - 2024-12-13T16:00:40.614Z - [REQUEST]: 
[NX Daemon Server] - 2024-12-13T16:00:40.626Z - [REQUEST]: Responding to the client. handleHashGlob
[NX Daemon Server] - 2024-12-13T16:00:40.626Z - Done responding to the client handleHashGlob
[NX Daemon Server] - 2024-12-13T16:00:40.626Z - Handled HASH_GLOB. Handling time: 1. Response time: 0.
[NX Daemon Server] - 2024-12-13T16:00:40.626Z - [REQUEST]: Responding to the client. handleGlob
[NX Daemon Server] - 2024-12-13T16:00:40.626Z - Done responding to the client handleGlob
[NX Daemon Server] - 2024-12-13T16:00:40.626Z - Handled GLOB. Handling time: 0. Response time: 0.
[NX Daemon Server] - 2024-12-13T16:00:40.627Z - [REQUEST]: Responding to the client. handleHashGlob
[NX Daemon Server] - 2024-12-13T16:00:40.627Z - Done responding to the client handleHashGlob
[NX Daemon Server] - 2024-12-13T16:00:40.627Z - Handled HASH_GLOB. Handling time: 0. Response time: 0.
[NX Daemon Server] - 2024-12-13T16:00:40.628Z - [REQUEST]: Responding to the client. handleHashGlob
[NX Daemon Server] - 2024-12-13T16:00:40.628Z - Done responding to the client handleHashGlob
[NX Daemon Server] - 2024-12-13T16:00:40.628Z - Handled HASH_GLOB. Handling time: 1. Response time: 0.
[NX Daemon Server] - 2024-12-13T16:00:40.628Z - [REQUEST]: Responding to the client. handleHashGlob
[NX Daemon Server] - 2024-12-13T16:00:40.628Z - Done responding to the client handleHashGlob
[NX Daemon Server] - 2024-12-13T16:00:40.628Z - Handled HASH_GLOB. Handling time: 0. Response time: 0.
[NX Daemon Server] - 2024-12-13T16:00:40.629Z - Time taken for 'hash changed files from watcher' 0.11733300000196323ms
[NX Daemon Server] - 2024-12-13T16:00:40.630Z - [REQUEST]: Responding to the client. handleHashGlob
[NX Daemon Server] - 2024-12-13T16:00:40.630Z - Done responding to the client handleHashGlob
[NX Daemon Server] - 2024-12-13T16:00:40.630Z - Handled HASH_GLOB. Handling time: 1. Response time: 0.
[NX Daemon Server] - 2024-12-13T16:00:40.631Z - [REQUEST]: Responding to the client. handleHashGlob
[NX Daemon Server] - 2024-12-13T16:00:40.631Z - Done responding to the client handleHashGlob
[NX Daemon Server] - 2024-12-13T16:00:40.631Z - Handled HASH_GLOB. Handling time: 1. Response time: 0.
[NX Daemon Server] - 2024-12-13T16:00:40.632Z - [REQUEST]: Responding to the client. handleHashGlob
[NX Daemon Server] - 2024-12-13T16:00:40.632Z - Done responding to the client handleHashGlob
[NX Daemon Server] - 2024-12-13T16:00:40.632Z - Handled HASH_GLOB. Handling time: 0. Response time: 0.
(node:98081) [DEP0180] DeprecationWarning: fs.Stats constructor is deprecated.
(Use `node --trace-deprecation ...` to show where the warning was created)
[NX Daemon Server] - 2024-12-13T16:00:40.944Z - [REQUEST]: Responding to the client. handleHashGlob
[NX Daemon Server] - 2024-12-13T16:00:40.944Z - Done responding to the client handleHashGlob
[NX Daemon Server] - 2024-12-13T16:00:40.944Z - Handled HASH_GLOB. Handling time: 1. Response time: 0.
[NX Daemon Server] - 2024-12-13T16:00:41.091Z - [REQUEST]: Responding to the client. handleHashGlob
[NX Daemon Server] - 2024-12-13T16:00:41.091Z - Done responding to the client handleHashGlob
[NX Daemon Server] - 2024-12-13T16:00:41.092Z - Handled HASH_GLOB. Handling time: 0. Response time: 1.
[NX Daemon Server] - 2024-12-13T16:00:41.291Z - [REQUEST]: Responding to the client. handleHashGlob
[NX Daemon Server] - 2024-12-13T16:00:41.291Z - Done responding to the client handleHashGlob
[NX Daemon Server] - 2024-12-13T16:00:41.291Z - Handled HASH_GLOB. Handling time: 0. Response time: 0.
[NX Daemon Server] - 2024-12-13T16:00:41.292Z - [REQUEST]: Responding to the client. handleHashGlob
[NX Daemon Server] - 2024-12-13T16:00:41.292Z - Done responding to the client handleHashGlob
[NX Daemon Server] - 2024-12-13T16:00:41.292Z - Handled HASH_GLOB. Handling time: 0. Response time: 0.
[NX Daemon Server] - 2024-12-13T16:00:41.299Z - Time taken for 'build-project-configs' 679.0443749999977ms
[NX Daemon Server] - 2024-12-13T16:00:41.303Z - Time taken for '@nx-dotnet/core:createDependencies' 6.051249999989523ms
[NX Daemon Server] - 2024-12-13T16:00:41.303Z - Time taken for '@nx/storybook/plugin:createDependencies' 7.246041000005789ms
[NX Daemon Server] - 2024-12-13T16:00:41.444Z - [SYNC]: collect registered sync generators
[NX Daemon Server] - 2024-12-13T16:00:41.445Z - [SYNC]: nx.json hash is the same, not collecting global sync generators
[NX Daemon Server] - 2024-12-13T16:00:41.445Z - Time taken for 'total execution time for createProjectGraph()' 145.17195800000627ms
[NX Daemon Server] - 2024-12-13T16:01:36.979Z - [WATCHER]: apps/gtech-industries/src/app/resume-controller/resume-controller.tsx was modified
[NX Daemon Server] - 2024-12-13T16:01:36.979Z - [WATCHER]: Processing file changes in outputs
[NX Daemon Server] - 2024-12-13T16:01:37.179Z - [REQUEST]: Updated workspace context based on watched changes, recomputing project graph...
[NX Daemon Server] - 2024-12-13T16:01:37.180Z - [REQUEST]: apps/gtech-industries/src/app/resume-controller/resume-controller.tsx
[NX Daemon Server] - 2024-12-13T16:01:37.180Z - [REQUEST]: 
[NX Daemon Server] - 2024-12-13T16:01:37.191Z - [REQUEST]: Responding to the client. handleHashGlob
[NX Daemon Server] - 2024-12-13T16:01:37.191Z - Done responding to the client handleHashGlob
[NX Daemon Server] - 2024-12-13T16:01:37.191Z - Handled HASH_GLOB. Handling time: 1. Response time: 0.
[NX Daemon Server] - 2024-12-13T16:01:37.192Z - [REQUEST]: Responding to the client. handleGlob
[NX Daemon Server] - 2024-12-13T16:01:37.192Z - Done responding to the client handleGlob
[NX Daemon Server] - 2024-12-13T16:01:37.192Z - Handled GLOB. Handling time: 0. Response time: 0.
[NX Daemon Server] - 2024-12-13T16:01:37.193Z - [REQUEST]: Responding to the client. handleHashGlob
[NX Daemon Server] - 2024-12-13T16:01:37.193Z - Done responding to the client handleHashGlob
[NX Daemon Server] - 2024-12-13T16:01:37.193Z - Handled HASH_GLOB. Handling time: 0. Response time: 0.
[NX Daemon Server] - 2024-12-13T16:01:37.194Z - [REQUEST]: Responding to the client. handleHashGlob
[NX Daemon Server] - 2024-12-13T16:01:37.194Z - Done responding to the client handleHashGlob
[NX Daemon Server] - 2024-12-13T16:01:37.194Z - Handled HASH_GLOB. Handling time: 1. Response time: 0.
[NX Daemon Server] - 2024-12-13T16:01:37.195Z - [REQUEST]: Responding to the client. handleHashGlob
[NX Daemon Server] - 2024-12-13T16:01:37.195Z - Done responding to the client handleHashGlob
[NX Daemon Server] - 2024-12-13T16:01:37.195Z - Handled HASH_GLOB. Handling time: 1. Response time: 0.
[NX Daemon Server] - 2024-12-13T16:01:37.195Z - Time taken for 'hash changed files from watcher' 0.11245799998869188ms
[NX Daemon Server] - 2024-12-13T16:01:37.196Z - [REQUEST]: Responding to the client. handleHashGlob
[NX Daemon Server] - 2024-12-13T16:01:37.196Z - Done responding to the client handleHashGlob
[NX Daemon Server] - 2024-12-13T16:01:37.196Z - Handled HASH_GLOB. Handling time: 1. Response time: 0.
[NX Daemon Server] - 2024-12-13T16:01:37.199Z - [REQUEST]: Responding to the client. handleHashGlob
[NX Daemon Server] - 2024-12-13T16:01:37.199Z - Done responding to the client handleHashGlob
[NX Daemon Server] - 2024-12-13T16:01:37.199Z - Handled HASH_GLOB. Handling time: 3. Response time: 0.
[NX Daemon Server] - 2024-12-13T16:01:37.200Z - [REQUEST]: Responding to the client. handleHashGlob
[NX Daemon Server] - 2024-12-13T16:01:37.200Z - Done responding to the client handleHashGlob
[NX Daemon Server] - 2024-12-13T16:01:37.200Z - Handled HASH_GLOB. Handling time: 0. Response time: 0.
[NX Daemon Server] - 2024-12-13T16:01:37.203Z - [REQUEST]: Responding to the client. handleHashGlob
[NX Daemon Server] - 2024-12-13T16:01:37.204Z - Done responding to the client handleHashGlob
[NX Daemon Server] - 2024-12-13T16:01:37.204Z - Handled HASH_GLOB. Handling time: 1. Response time: 1.
[NX Daemon Server] - 2024-12-13T16:01:37.204Z - [REQUEST]: Responding to the client. handleHashGlob
[NX Daemon Server] - 2024-12-13T16:01:37.204Z - Done responding to the client handleHashGlob
[NX Daemon Server] - 2024-12-13T16:01:37.204Z - Handled HASH_GLOB. Handling time: 0. Response time: 0.
[NX Daemon Server] - 2024-12-13T16:01:37.212Z - [REQUEST]: Responding to the client. handleHashGlob
[NX Daemon Server] - 2024-12-13T16:01:37.212Z - Done responding to the client handleHashGlob
[NX Daemon Server] - 2024-12-13T16:01:37.212Z - Handled HASH_GLOB. Handling time: 1. Response time: 0.
[NX Daemon Server] - 2024-12-13T16:01:37.213Z - [REQUEST]: Responding to the client. handleHashGlob
[NX Daemon Server] - 2024-12-13T16:01:37.213Z - Done responding to the client handleHashGlob
[NX Daemon Server] - 2024-12-13T16:01:37.213Z - Handled HASH_GLOB. Handling time: 0. Response time: 0.
[NX Daemon Server] - 2024-12-13T16:01:37.220Z - Time taken for 'build-project-configs' 35.16608299998916ms
[NX Daemon Server] - 2024-12-13T16:01:37.226Z - Time taken for '@nx-dotnet/core:createDependencies' 7.490166999981739ms
[NX Daemon Server] - 2024-12-13T16:01:37.226Z - Time taken for '@nx/storybook/plugin:createDependencies' 8.598124999989523ms
[NX Daemon Server] - 2024-12-13T16:01:37.263Z - [SYNC]: collect registered sync generators
[NX Daemon Server] - 2024-12-13T16:01:37.263Z - [SYNC]: project graph hash is the same, not collecting task sync generators
[NX Daemon Server] - 2024-12-13T16:01:37.263Z - [SYNC]: nx.json hash is the same, not collecting global sync generators
[NX Daemon Server] - 2024-12-13T16:01:37.263Z - Time taken for 'total execution time for createProjectGraph()' 41.35512500000186ms
[NX Daemon Server] - 2024-12-13T16:02:15.058Z - [WATCHER]: apps/gtech-industries/src/app/resume-controller/resume-controller.tsx was modified
[NX Daemon Server] - 2024-12-13T16:02:15.059Z - [WATCHER]: Processing file changes in outputs
[NX Daemon Server] - 2024-12-13T16:02:15.459Z - [REQUEST]: Updated workspace context based on watched changes, recomputing project graph...
[NX Daemon Server] - 2024-12-13T16:02:15.459Z - [REQUEST]: apps/gtech-industries/src/app/resume-controller/resume-controller.tsx
[NX Daemon Server] - 2024-12-13T16:02:15.459Z - [REQUEST]: 
[NX Daemon Server] - 2024-12-13T16:02:15.468Z - [REQUEST]: Responding to the client. handleHashGlob
[NX Daemon Server] - 2024-12-13T16:02:15.468Z - Done responding to the client handleHashGlob
[NX Daemon Server] - 2024-12-13T16:02:15.468Z - Handled HASH_GLOB. Handling time: 0. Response time: 0.
[NX Daemon Server] - 2024-12-13T16:02:15.470Z - [REQUEST]: Responding to the client. handleGlob
[NX Daemon Server] - 2024-12-13T16:02:15.470Z - Done responding to the client handleGlob
[NX Daemon Server] - 2024-12-13T16:02:15.470Z - Handled GLOB. Handling time: 1. Response time: 0.
[NX Daemon Server] - 2024-12-13T16:02:15.470Z - [REQUEST]: Responding to the client. handleHashGlob
[NX Daemon Server] - 2024-12-13T16:02:15.470Z - Done responding to the client handleHashGlob
[NX Daemon Server] - 2024-12-13T16:02:15.470Z - Handled HASH_GLOB. Handling time: 0. Response time: 0.
[NX Daemon Server] - 2024-12-13T16:02:15.471Z - [REQUEST]: Responding to the client. handleHashGlob
[NX Daemon Server] - 2024-12-13T16:02:15.471Z - Done responding to the client handleHashGlob
[NX Daemon Server] - 2024-12-13T16:02:15.471Z - Handled HASH_GLOB. Handling time: 0. Response time: 0.
[NX Daemon Server] - 2024-12-13T16:02:15.472Z - [REQUEST]: Responding to the client. handleHashGlob
[NX Daemon Server] - 2024-12-13T16:02:15.472Z - Done responding to the client handleHashGlob
[NX Daemon Server] - 2024-12-13T16:02:15.472Z - Handled HASH_GLOB. Handling time: 1. Response time: 0.
[NX Daemon Server] - 2024-12-13T16:02:15.472Z - Time taken for 'hash changed files from watcher' 0.12783300000592135ms
[NX Daemon Server] - 2024-12-13T16:02:15.472Z - [REQUEST]: Responding to the client. handleHashGlob
[NX Daemon Server] - 2024-12-13T16:02:15.472Z - Done responding to the client handleHashGlob
[NX Daemon Server] - 2024-12-13T16:02:15.472Z - Handled HASH_GLOB. Handling time: 0. Response time: 0.
[NX Daemon Server] - 2024-12-13T16:02:15.473Z - [REQUEST]: Responding to the client. handleHashGlob
[NX Daemon Server] - 2024-12-13T16:02:15.473Z - Done responding to the client handleHashGlob
[NX Daemon Server] - 2024-12-13T16:02:15.474Z - Handled HASH_GLOB. Handling time: 0. Response time: 1.
[NX Daemon Server] - 2024-12-13T16:02:15.475Z - [REQUEST]: Responding to the client. handleHashGlob
[NX Daemon Server] - 2024-12-13T16:02:15.475Z - Done responding to the client handleHashGlob
[NX Daemon Server] - 2024-12-13T16:02:15.475Z - Handled HASH_GLOB. Handling time: 0. Response time: 0.
[NX Daemon Server] - 2024-12-13T16:02:15.477Z - [REQUEST]: Responding to the client. handleHashGlob
[NX Daemon Server] - 2024-12-13T16:02:15.477Z - Done responding to the client handleHashGlob
[NX Daemon Server] - 2024-12-13T16:02:15.477Z - Handled HASH_GLOB. Handling time: 1. Response time: 0.
[NX Daemon Server] - 2024-12-13T16:02:15.483Z - [REQUEST]: Responding to the client. handleHashGlob
[NX Daemon Server] - 2024-12-13T16:02:15.483Z - Done responding to the client handleHashGlob
[NX Daemon Server] - 2024-12-13T16:02:15.484Z - Handled HASH_GLOB. Handling time: 1. Response time: 1.
[NX Daemon Server] - 2024-12-13T16:02:15.485Z - [REQUEST]: Responding to the client. handleHashGlob
[NX Daemon Server] - 2024-12-13T16:02:15.485Z - Done responding to the client handleHashGlob
[NX Daemon Server] - 2024-12-13T16:02:15.485Z - Handled HASH_GLOB. Handling time: 1. Response time: 0.
[NX Daemon Server] - 2024-12-13T16:02:15.485Z - [REQUEST]: Responding to the client. handleHashGlob
[NX Daemon Server] - 2024-12-13T16:02:15.486Z - Done responding to the client handleHashGlob
[NX Daemon Server] - 2024-12-13T16:02:15.486Z - Handled HASH_GLOB. Handling time: 0. Response time: 1.
[NX Daemon Server] - 2024-12-13T16:02:15.492Z - Time taken for 'build-project-configs' 28.18370799999684ms
[NX Daemon Server] - 2024-12-13T16:02:15.504Z - Time taken for '@nx-dotnet/core:createDependencies' 13.66425000000163ms
[NX Daemon Server] - 2024-12-13T16:02:15.505Z - Time taken for '@nx/storybook/plugin:createDependencies' 15.360541000001831ms
[NX Daemon Server] - 2024-12-13T16:02:15.536Z - [SYNC]: collect registered sync generators
[NX Daemon Server] - 2024-12-13T16:02:15.537Z - [SYNC]: project graph hash is the same, not collecting task sync generators
[NX Daemon Server] - 2024-12-13T16:02:15.537Z - [SYNC]: nx.json hash is the same, not collecting global sync generators
[NX Daemon Server] - 2024-12-13T16:02:15.537Z - Time taken for 'total execution time for createProjectGraph()' 42.66041700000642ms
[NX Daemon Server] - 2024-12-13T16:04:48.044Z - [REQUEST]: Responding to the client. recordOutputsHash
[NX Daemon Server] - 2024-12-13T16:04:48.044Z - Done responding to the client recordOutputsHash
[NX Daemon Server] - 2024-12-13T16:04:48.044Z - Handled RECORD_OUTPUTS_HASH. Handling time: 0. Response time: 0.
[NX Daemon Server] - 2024-12-13T16:04:48.165Z - [REQUEST]: Responding to the client. PROCESS_IN_BACKGROUND
[NX Daemon Server] - 2024-12-13T16:04:48.165Z - Done responding to the client PROCESS_IN_BACKGROUND
[NX Daemon Server] - 2024-12-13T16:04:48.165Z - Handled PROCESS_IN_BACKGROUND. Handling time: 82. Response time: 0.
[NX Daemon Server] - 2024-12-13T16:04:48.165Z - Uploading file artifacts
[NX Daemon Server] - 2024-12-13T16:04:49.655Z - Started listening on: /var/folders/pt/d_fg87hx65j566znvpk25z4h0000gn/T/7076b0eded40792afa37/d.sock
[NX Daemon Server] - 2024-12-13T16:04:49.656Z - [WATCHER]: Subscribed to changes within: /Users/michaelgilge/Code/GTechIndustries (native)
[NX Daemon Server] - 2024-12-13T16:04:49.660Z - Established a connection. Number of open connections: 1
[NX Daemon Server] - 2024-12-13T16:04:49.660Z - Established a connection. Number of open connections: 2
[NX Daemon Server] - 2024-12-13T16:04:49.661Z - Closed a connection. Number of open connections: 1
[NX Daemon Server] - 2024-12-13T16:04:49.661Z - [REQUEST]: Client Request for Project Graph Received
[NX Daemon Server] - 2024-12-13T16:04:49.716Z - [WATCHER]: Processing file changes in outputs
[NX Daemon Server] - 2024-12-13T16:04:49.776Z - Time taken for 'Load Nx Plugin: /Users/michaelgilge/Code/GTechIndustries/node_modules/nx/src/plugins/js' 112.25295799999999ms
[NX Daemon Server] - 2024-12-13T16:04:49.782Z - Time taken for 'Load Nx Plugin: /Users/michaelgilge/Code/GTechIndustries/node_modules/nx/src/plugins/package-json' 118.30904100000001ms
[NX Daemon Server] - 2024-12-13T16:04:49.820Z - Time taken for 'Load Nx Plugin: @nx/jest/plugin' 157.223458ms
[NX Daemon Server] - 2024-12-13T16:04:49.825Z - Time taken for 'Load Nx Plugin: @nx/eslint/plugin' 163.04262500000002ms
[NX Daemon Server] - 2024-12-13T16:04:49.840Z - Time taken for 'Load Nx Plugin: @nx/storybook/plugin' 177.434667ms
[NX Daemon Server] - 2024-12-13T16:04:49.848Z - Time taken for 'Load Nx Plugin: @nx/rollup/plugin' 185.03158399999998ms
[NX Daemon Server] - 2024-12-13T16:04:49.848Z - Time taken for 'Load Nx Plugin: @nx/cypress/plugin' 185.729667ms
[NX Daemon Server] - 2024-12-13T16:04:49.848Z - Time taken for 'Load Nx Plugin: @nx/webpack/plugin' 186.49616600000002ms
[NX Daemon Server] - 2024-12-13T16:04:50.144Z - [REQUEST]: Updated workspace context based on watched changes, recomputing project graph...
[NX Daemon Server] - 2024-12-13T16:04:50.144Z - [REQUEST]: 
[NX Daemon Server] - 2024-12-13T16:04:50.144Z - [REQUEST]: 
[NX Daemon Server] - 2024-12-13T16:04:50.156Z - Time taken for 'loadNxPlugins' 482.203458ms
[NX Daemon Server] - 2024-12-13T16:04:50.156Z - Established a connection. Number of open connections: 2
[NX Daemon Server] - 2024-12-13T16:04:50.156Z - Established a connection. Number of open connections: 3
[NX Daemon Server] - 2024-12-13T16:04:50.156Z - Closed a connection. Number of open connections: 2
[NX Daemon Server] - 2024-12-13T16:04:50.156Z - Established a connection. Number of open connections: 3
[NX Daemon Server] - 2024-12-13T16:04:50.157Z - [REQUEST]: Responding to the client. handleHashGlob
[NX Daemon Server] - 2024-12-13T16:04:50.157Z - Done responding to the client handleHashGlob
[NX Daemon Server] - 2024-12-13T16:04:50.157Z - Handled HASH_GLOB. Handling time: 0. Response time: 0.
[NX Daemon Server] - 2024-12-13T16:04:50.158Z - Established a connection. Number of open connections: 4
[NX Daemon Server] - 2024-12-13T16:04:50.158Z - Closed a connection. Number of open connections: 3
[NX Daemon Server] - 2024-12-13T16:04:50.158Z - Established a connection. Number of open connections: 4
[NX Daemon Server] - 2024-12-13T16:04:50.159Z - [REQUEST]: Responding to the client. handleGlob
[NX Daemon Server] - 2024-12-13T16:04:50.159Z - Done responding to the client handleGlob
[NX Daemon Server] - 2024-12-13T16:04:50.159Z - Handled GLOB. Handling time: 1. Response time: 0.
[NX Daemon Server] - 2024-12-13T16:04:50.159Z - Established a connection. Number of open connections: 5
[NX Daemon Server] - 2024-12-13T16:04:50.159Z - Closed a connection. Number of open connections: 4
[NX Daemon Server] - 2024-12-13T16:04:50.159Z - Established a connection. Number of open connections: 5
[NX Daemon Server] - 2024-12-13T16:04:50.160Z - [REQUEST]: Responding to the client. handleHashGlob
[NX Daemon Server] - 2024-12-13T16:04:50.160Z - Done responding to the client handleHashGlob
[NX Daemon Server] - 2024-12-13T16:04:50.160Z - Handled HASH_GLOB. Handling time: 0. Response time: 0.
[NX Daemon Server] - 2024-12-13T16:04:50.160Z - Established a connection. Number of open connections: 6
[NX Daemon Server] - 2024-12-13T16:04:50.160Z - Closed a connection. Number of open connections: 5
[NX Daemon Server] - 2024-12-13T16:04:50.160Z - Established a connection. Number of open connections: 6
[NX Daemon Server] - 2024-12-13T16:04:50.161Z - [REQUEST]: Responding to the client. handleHashGlob
[NX Daemon Server] - 2024-12-13T16:04:50.161Z - Done responding to the client handleHashGlob
[NX Daemon Server] - 2024-12-13T16:04:50.161Z - Handled HASH_GLOB. Handling time: 1. Response time: 0.
[NX Daemon Server] - 2024-12-13T16:04:50.161Z - Established a connection. Number of open connections: 7
[NX Daemon Server] - 2024-12-13T16:04:50.161Z - Closed a connection. Number of open connections: 6
[NX Daemon Server] - 2024-12-13T16:04:50.161Z - [REQUEST]: Responding to the client. handleHashGlob
[NX Daemon Server] - 2024-12-13T16:04:50.161Z - Done responding to the client handleHashGlob
[NX Daemon Server] - 2024-12-13T16:04:50.161Z - Handled HASH_GLOB. Handling time: 0. Response time: 0.
[NX Daemon Server] - 2024-12-13T16:04:50.162Z - [REQUEST]: Responding to the client. handleHashGlob
[NX Daemon Server] - 2024-12-13T16:04:50.162Z - Done responding to the client handleHashGlob
[NX Daemon Server] - 2024-12-13T16:04:50.162Z - Handled HASH_GLOB. Handling time: 0. Response time: 0.
[NX Daemon Server] - 2024-12-13T16:04:50.163Z - [REQUEST]: Responding to the client. handleHashGlob
[NX Daemon Server] - 2024-12-13T16:04:50.163Z - Done responding to the client handleHashGlob
[NX Daemon Server] - 2024-12-13T16:04:50.163Z - Handled HASH_GLOB. Handling time: 1. Response time: 0.
[NX Daemon Server] - 2024-12-13T16:04:50.217Z - [REQUEST]: Responding to the client. handleHashGlob
[NX Daemon Server] - 2024-12-13T16:04:50.217Z - Done responding to the client handleHashGlob
[NX Daemon Server] - 2024-12-13T16:04:50.217Z - Handled HASH_GLOB. Handling time: 1. Response time: 0.
[NX Daemon Server] - 2024-12-13T16:04:50.220Z - [REQUEST]: Responding to the client. handleHashGlob
[NX Daemon Server] - 2024-12-13T16:04:50.220Z - Done responding to the client handleHashGlob
[NX Daemon Server] - 2024-12-13T16:04:50.220Z - Handled HASH_GLOB. Handling time: 0. Response time: 0.
[NX Daemon Server] - 2024-12-13T16:04:50.221Z - [REQUEST]: Responding to the client. handleHashGlob
[NX Daemon Server] - 2024-12-13T16:04:50.221Z - Done responding to the client handleHashGlob
[NX Daemon Server] - 2024-12-13T16:04:50.221Z - Handled HASH_GLOB. Handling time: 0. Response time: 0.
[NX Daemon Server] - 2024-12-13T16:04:50.222Z - [REQUEST]: Responding to the client. handleHashGlob
[NX Daemon Server] - 2024-12-13T16:04:50.222Z - Done responding to the client handleHashGlob
[NX Daemon Server] - 2024-12-13T16:04:50.222Z - Handled HASH_GLOB. Handling time: 1. Response time: 0.
[NX Daemon Server] - 2024-12-13T16:04:50.222Z - [REQUEST]: Responding to the client. handleHashGlob
[NX Daemon Server] - 2024-12-13T16:04:50.222Z - Done responding to the client handleHashGlob
[NX Daemon Server] - 2024-12-13T16:04:50.222Z - Handled HASH_GLOB. Handling time: 0. Response time: 0.
[NX Daemon Server] - 2024-12-13T16:04:50.237Z - Time taken for 'build-project-configs' 80.43987499999992ms
[NX Daemon Server] - 2024-12-13T16:04:50.241Z - Time taken for '@nx/storybook/plugin:createDependencies' 5.787916999999993ms
[NX Daemon Server] - 2024-12-13T16:04:50.241Z - Time taken for '@nx-dotnet/core:createDependencies' 4.961583000000019ms
[NX Daemon Server] - 2024-12-13T16:04:50.256Z - [SYNC]: collect registered sync generators
[NX Daemon Server] - 2024-12-13T16:04:50.256Z - [REQUEST]: Responding to the client. project-graph
[NX Daemon Server] - 2024-12-13T16:04:50.256Z - Time taken for 'total for creating and serializing project graph' 594.811292ms
[NX Daemon Server] - 2024-12-13T16:04:50.258Z - Done responding to the client project-graph
[NX Daemon Server] - 2024-12-13T16:04:50.258Z - Handled REQUEST_PROJECT_GRAPH. Handling time: 595. Response time: 2.
[NX Daemon Server] - 2024-12-13T16:04:50.308Z - [REQUEST]: Responding to the client. handleHashTasks
[NX Daemon Server] - 2024-12-13T16:04:50.308Z - Done responding to the client handleHashTasks
[NX Daemon Server] - 2024-12-13T16:04:50.308Z - Handled HASH_TASKS. Handling time: 11. Response time: 0.
[NX Daemon Server] - 2024-12-13T16:04:50.434Z - [REQUEST]: Responding to the client. handleGetEstimatedTaskTimings
[NX Daemon Server] - 2024-12-13T16:04:50.434Z - Done responding to the client handleGetEstimatedTaskTimings
[NX Daemon Server] - 2024-12-13T16:04:50.434Z - Handled GET_ESTIMATED_TASK_TIMINGS. Handling time: 28. Response time: 0.
[NX Daemon Server] - 2024-12-13T16:07:23.264Z - [WATCHER]: libs/shared-components/src/lib/custom-datagrid/custom-data-grid.tsx was modified
[NX Daemon Server] - 2024-12-13T16:07:23.265Z - [WATCHER]: Processing file changes in outputs
[NX Daemon Server] - 2024-12-13T16:07:23.365Z - [REQUEST]: Updated workspace context based on watched changes, recomputing project graph...
[NX Daemon Server] - 2024-12-13T16:07:23.365Z - [REQUEST]: libs/shared-components/src/lib/custom-datagrid/custom-data-grid.tsx
[NX Daemon Server] - 2024-12-13T16:07:23.365Z - [REQUEST]: 
[NX Daemon Server] - 2024-12-13T16:07:23.378Z - [REQUEST]: Responding to the client. handleHashGlob
[NX Daemon Server] - 2024-12-13T16:07:23.378Z - Done responding to the client handleHashGlob
[NX Daemon Server] - 2024-12-13T16:07:23.378Z - Handled HASH_GLOB. Handling time: 0. Response time: 0.
[NX Daemon Server] - 2024-12-13T16:07:23.380Z - [REQUEST]: Responding to the client. handleGlob
[NX Daemon Server] - 2024-12-13T16:07:23.380Z - Done responding to the client handleGlob
[NX Daemon Server] - 2024-12-13T16:07:23.380Z - Handled GLOB. Handling time: 1. Response time: 0.
[NX Daemon Server] - 2024-12-13T16:07:23.381Z - [REQUEST]: Responding to the client. handleHashGlob
[NX Daemon Server] - 2024-12-13T16:07:23.381Z - Done responding to the client handleHashGlob
[NX Daemon Server] - 2024-12-13T16:07:23.381Z - Handled HASH_GLOB. Handling time: 1. Response time: 0.
[NX Daemon Server] - 2024-12-13T16:07:23.382Z - [REQUEST]: Responding to the client. handleHashGlob
[NX Daemon Server] - 2024-12-13T16:07:23.382Z - Done responding to the client handleHashGlob
[NX Daemon Server] - 2024-12-13T16:07:23.382Z - Handled HASH_GLOB. Handling time: 0. Response time: 0.
[NX Daemon Server] - 2024-12-13T16:07:23.383Z - [REQUEST]: Responding to the client. handleHashGlob
[NX Daemon Server] - 2024-12-13T16:07:23.384Z - Done responding to the client handleHashGlob
[NX Daemon Server] - 2024-12-13T16:07:23.384Z - Handled HASH_GLOB. Handling time: 0. Response time: 1.
[NX Daemon Server] - 2024-12-13T16:07:23.384Z - Time taken for 'hash changed files from watcher' 0.12329099999624304ms
[NX Daemon Server] - 2024-12-13T16:07:23.384Z - [REQUEST]: Responding to the client. handleHashGlob
[NX Daemon Server] - 2024-12-13T16:07:23.384Z - Done responding to the client handleHashGlob
[NX Daemon Server] - 2024-12-13T16:07:23.384Z - Handled HASH_GLOB. Handling time: 0. Response time: 0.
[NX Daemon Server] - 2024-12-13T16:07:23.385Z - [REQUEST]: Responding to the client. handleHashGlob
[NX Daemon Server] - 2024-12-13T16:07:23.385Z - Done responding to the client handleHashGlob
[NX Daemon Server] - 2024-12-13T16:07:23.385Z - Handled HASH_GLOB. Handling time: 0. Response time: 0.
[NX Daemon Server] - 2024-12-13T16:07:23.387Z - [REQUEST]: Responding to the client. handleHashGlob
[NX Daemon Server] - 2024-12-13T16:07:23.387Z - Done responding to the client handleHashGlob
[NX Daemon Server] - 2024-12-13T16:07:23.387Z - Handled HASH_GLOB. Handling time: 1. Response time: 0.
[NX Daemon Server] - 2024-12-13T16:07:23.387Z - [REQUEST]: Responding to the client. handleHashGlob
[NX Daemon Server] - 2024-12-13T16:07:23.387Z - Done responding to the client handleHashGlob
[NX Daemon Server] - 2024-12-13T16:07:23.387Z - Handled HASH_GLOB. Handling time: 0. Response time: 0.
[NX Daemon Server] - 2024-12-13T16:07:23.590Z - [WATCHER]: Processing file changes in outputs
(node:99054) [DEP0180] DeprecationWarning: fs.Stats constructor is deprecated.
(Use `node --trace-deprecation ...` to show where the warning was created)
(node:99052) [DEP0180] DeprecationWarning: fs.Stats constructor is deprecated.
(Use `node --trace-deprecation ...` to show where the warning was created)
[NX Daemon Server] - 2024-12-13T16:07:23.854Z - [REQUEST]: Responding to the client. handleHashGlob
[NX Daemon Server] - 2024-12-13T16:07:23.854Z - Done responding to the client handleHashGlob
[NX Daemon Server] - 2024-12-13T16:07:23.854Z - Handled HASH_GLOB. Handling time: 1. Response time: 0.
[NX Daemon Server] - 2024-12-13T16:07:23.855Z - [REQUEST]: Responding to the client. handleHashGlob
[NX Daemon Server] - 2024-12-13T16:07:23.856Z - Done responding to the client handleHashGlob
[NX Daemon Server] - 2024-12-13T16:07:23.856Z - Handled HASH_GLOB. Handling time: 0. Response time: 1.
[NX Daemon Server] - 2024-12-13T16:07:23.856Z - [REQUEST]: Responding to the client. handleHashGlob
[NX Daemon Server] - 2024-12-13T16:07:23.857Z - Done responding to the client handleHashGlob
[NX Daemon Server] - 2024-12-13T16:07:23.857Z - Handled HASH_GLOB. Handling time: 0. Response time: 1.
[NX Daemon Server] - 2024-12-13T16:07:24.169Z - Time taken for 'build-project-configs' 798.425458999991ms
[NX Daemon Server] - 2024-12-13T16:07:24.175Z - Time taken for '@nx-dotnet/core:createDependencies' 7.984666999982437ms
[NX Daemon Server] - 2024-12-13T16:07:24.178Z - Time taken for '@nx/storybook/plugin:createDependencies' 12.487332999997307ms
[NX Daemon Server] - 2024-12-13T16:07:24.325Z - [SYNC]: collect registered sync generators
[NX Daemon Server] - 2024-12-13T16:07:24.325Z - [SYNC]: project graph hash is the same, not collecting task sync generators
[NX Daemon Server] - 2024-12-13T16:07:24.325Z - [SYNC]: nx.json hash is the same, not collecting global sync generators
[NX Daemon Server] - 2024-12-13T16:07:24.325Z - Time taken for 'total execution time for createProjectGraph()' 154.81400000001304ms
[NX Daemon Server] - 2024-12-13T16:10:07.847Z - [WATCHER]: libs/shared-components/src/lib/custom-datagrid/custom-data-grid.tsx was modified
[NX Daemon Server] - 2024-12-13T16:10:07.848Z - [WATCHER]: Processing file changes in outputs
[NX Daemon Server] - 2024-12-13T16:10:08.048Z - [REQUEST]: Updated workspace context based on watched changes, recomputing project graph...
[NX Daemon Server] - 2024-12-13T16:10:08.048Z - [REQUEST]: libs/shared-components/src/lib/custom-datagrid/custom-data-grid.tsx
[NX Daemon Server] - 2024-12-13T16:10:08.048Z - [REQUEST]: 
[NX Daemon Server] - 2024-12-13T16:10:08.082Z - [REQUEST]: Responding to the client. handleHashGlob
[NX Daemon Server] - 2024-12-13T16:10:08.082Z - Done responding to the client handleHashGlob
[NX Daemon Server] - 2024-12-13T16:10:08.082Z - Handled HASH_GLOB. Handling time: 2. Response time: 0.
[NX Daemon Server] - 2024-12-13T16:10:08.086Z - [REQUEST]: Responding to the client. handleGlob
[NX Daemon Server] - 2024-12-13T16:10:08.086Z - Done responding to the client handleGlob
[NX Daemon Server] - 2024-12-13T16:10:08.086Z - Handled GLOB. Handling time: 3. Response time: 0.
[NX Daemon Server] - 2024-12-13T16:10:08.088Z - [REQUEST]: Responding to the client. handleHashGlob
[NX Daemon Server] - 2024-12-13T16:10:08.088Z - Done responding to the client handleHashGlob
[NX Daemon Server] - 2024-12-13T16:10:08.088Z - Handled HASH_GLOB. Handling time: 1. Response time: 0.
[NX Daemon Server] - 2024-12-13T16:10:08.089Z - [REQUEST]: Responding to the client. handleHashGlob
[NX Daemon Server] - 2024-12-13T16:10:08.089Z - Done responding to the client handleHashGlob
[NX Daemon Server] - 2024-12-13T16:10:08.089Z - Handled HASH_GLOB. Handling time: 1. Response time: 0.
[NX Daemon Server] - 2024-12-13T16:10:08.091Z - [REQUEST]: Responding to the client. handleHashGlob
[NX Daemon Server] - 2024-12-13T16:10:08.091Z - Done responding to the client handleHashGlob
[NX Daemon Server] - 2024-12-13T16:10:08.091Z - Handled HASH_GLOB. Handling time: 1. Response time: 0.
[NX Daemon Server] - 2024-12-13T16:10:08.091Z - Time taken for 'hash changed files from watcher' 0.11591599998064339ms
[NX Daemon Server] - 2024-12-13T16:10:08.093Z - [REQUEST]: Responding to the client. handleHashGlob
[NX Daemon Server] - 2024-12-13T16:10:08.093Z - Done responding to the client handleHashGlob
[NX Daemon Server] - 2024-12-13T16:10:08.093Z - Handled HASH_GLOB. Handling time: 1. Response time: 0.
[NX Daemon Server] - 2024-12-13T16:10:08.095Z - [REQUEST]: Responding to the client. handleHashGlob
[NX Daemon Server] - 2024-12-13T16:10:08.095Z - Done responding to the client handleHashGlob
[NX Daemon Server] - 2024-12-13T16:10:08.095Z - Handled HASH_GLOB. Handling time: 1. Response time: 0.
[NX Daemon Server] - 2024-12-13T16:10:08.096Z - [REQUEST]: Responding to the client. handleHashGlob
[NX Daemon Server] - 2024-12-13T16:10:08.096Z - Done responding to the client handleHashGlob
[NX Daemon Server] - 2024-12-13T16:10:08.096Z - Handled HASH_GLOB. Handling time: 1. Response time: 0.
[NX Daemon Server] - 2024-12-13T16:10:08.098Z - [REQUEST]: Responding to the client. handleHashGlob
[NX Daemon Server] - 2024-12-13T16:10:08.098Z - Done responding to the client handleHashGlob
[NX Daemon Server] - 2024-12-13T16:10:08.098Z - Handled HASH_GLOB. Handling time: 2. Response time: 0.
[NX Daemon Server] - 2024-12-13T16:10:08.099Z - [REQUEST]: Responding to the client. handleHashGlob
[NX Daemon Server] - 2024-12-13T16:10:08.100Z - Done responding to the client handleHashGlob
[NX Daemon Server] - 2024-12-13T16:10:08.100Z - Handled HASH_GLOB. Handling time: 1. Response time: 1.
[NX Daemon Server] - 2024-12-13T16:10:08.102Z - [REQUEST]: Responding to the client. handleHashGlob
[NX Daemon Server] - 2024-12-13T16:10:08.102Z - Done responding to the client handleHashGlob
[NX Daemon Server] - 2024-12-13T16:10:08.102Z - Handled HASH_GLOB. Handling time: 1. Response time: 0.
[NX Daemon Server] - 2024-12-13T16:10:08.103Z - [REQUEST]: Responding to the client. handleHashGlob
[NX Daemon Server] - 2024-12-13T16:10:08.103Z - Done responding to the client handleHashGlob
[NX Daemon Server] - 2024-12-13T16:10:08.103Z - Handled HASH_GLOB. Handling time: 0. Response time: 0.
[NX Daemon Server] - 2024-12-13T16:10:08.118Z - Time taken for 'build-project-configs' 40.93379099998856ms
[NX Daemon Server] - 2024-12-13T16:10:08.144Z - Time taken for '@nx-dotnet/core:createDependencies' 29.85762500000419ms
[NX Daemon Server] - 2024-12-13T16:10:08.145Z - Time taken for '@nx/storybook/plugin:createDependencies' 33.29908299999079ms
[NX Daemon Server] - 2024-12-13T16:10:08.182Z - [SYNC]: collect registered sync generators
[NX Daemon Server] - 2024-12-13T16:10:08.182Z - [SYNC]: project graph hash is the same, not collecting task sync generators
[NX Daemon Server] - 2024-12-13T16:10:08.183Z - [SYNC]: nx.json hash is the same, not collecting global sync generators
[NX Daemon Server] - 2024-12-13T16:10:08.183Z - Time taken for 'total execution time for createProjectGraph()' 63.30758299998706ms
[NX Daemon Server] - 2024-12-13T16:10:38.170Z - [WATCHER]: types/types.d.ts was modified
[NX Daemon Server] - 2024-12-13T16:10:38.170Z - [WATCHER]: Processing file changes in outputs
[NX Daemon Server] - 2024-12-13T16:10:38.571Z - [REQUEST]: Updated workspace context based on watched changes, recomputing project graph...
[NX Daemon Server] - 2024-12-13T16:10:38.571Z - [REQUEST]: types/types.d.ts
[NX Daemon Server] - 2024-12-13T16:10:38.571Z - [REQUEST]: 
[NX Daemon Server] - 2024-12-13T16:10:38.581Z - [REQUEST]: Responding to the client. handleHashGlob
[NX Daemon Server] - 2024-12-13T16:10:38.581Z - Done responding to the client handleHashGlob
[NX Daemon Server] - 2024-12-13T16:10:38.581Z - Handled HASH_GLOB. Handling time: 1. Response time: 0.
[NX Daemon Server] - 2024-12-13T16:10:38.581Z - [REQUEST]: Responding to the client. handleGlob
[NX Daemon Server] - 2024-12-13T16:10:38.582Z - Done responding to the client handleGlob
[NX Daemon Server] - 2024-12-13T16:10:38.582Z - Handled GLOB. Handling time: 0. Response time: 1.
[NX Daemon Server] - 2024-12-13T16:10:38.582Z - [REQUEST]: Responding to the client. handleHashGlob
[NX Daemon Server] - 2024-12-13T16:10:38.582Z - Done responding to the client handleHashGlob
[NX Daemon Server] - 2024-12-13T16:10:38.582Z - Handled HASH_GLOB. Handling time: 0. Response time: 0.
[NX Daemon Server] - 2024-12-13T16:10:38.583Z - [REQUEST]: Responding to the client. handleHashGlob
[NX Daemon Server] - 2024-12-13T16:10:38.583Z - Done responding to the client handleHashGlob
[NX Daemon Server] - 2024-12-13T16:10:38.583Z - Handled HASH_GLOB. Handling time: 0. Response time: 0.
[NX Daemon Server] - 2024-12-13T16:10:38.584Z - [REQUEST]: Responding to the client. handleHashGlob
[NX Daemon Server] - 2024-12-13T16:10:38.584Z - Done responding to the client handleHashGlob
[NX Daemon Server] - 2024-12-13T16:10:38.584Z - Handled HASH_GLOB. Handling time: 0. Response time: 0.
[NX Daemon Server] - 2024-12-13T16:10:38.585Z - Time taken for 'hash changed files from watcher' 0.12400000001071021ms
[NX Daemon Server] - 2024-12-13T16:10:38.586Z - [REQUEST]: Responding to the client. handleHashGlob
[NX Daemon Server] - 2024-12-13T16:10:38.586Z - Done responding to the client handleHashGlob
[NX Daemon Server] - 2024-12-13T16:10:38.586Z - Handled HASH_GLOB. Handling time: 1. Response time: 0.
[NX Daemon Server] - 2024-12-13T16:10:38.587Z - [REQUEST]: Responding to the client. handleHashGlob
[NX Daemon Server] - 2024-12-13T16:10:38.587Z - Done responding to the client handleHashGlob
[NX Daemon Server] - 2024-12-13T16:10:38.588Z - Handled HASH_GLOB. Handling time: 0. Response time: 1.
[NX Daemon Server] - 2024-12-13T16:10:38.589Z - [REQUEST]: Responding to the client. handleHashGlob
[NX Daemon Server] - 2024-12-13T16:10:38.589Z - Done responding to the client handleHashGlob
[NX Daemon Server] - 2024-12-13T16:10:38.589Z - Handled HASH_GLOB. Handling time: 1. Response time: 0.
[NX Daemon Server] - 2024-12-13T16:10:38.589Z - [REQUEST]: Responding to the client. handleHashGlob
[NX Daemon Server] - 2024-12-13T16:10:38.589Z - Done responding to the client handleHashGlob
[NX Daemon Server] - 2024-12-13T16:10:38.589Z - Handled HASH_GLOB. Handling time: 0. Response time: 0.
[NX Daemon Server] - 2024-12-13T16:10:38.594Z - [REQUEST]: Responding to the client. handleHashGlob
[NX Daemon Server] - 2024-12-13T16:10:38.594Z - Done responding to the client handleHashGlob
[NX Daemon Server] - 2024-12-13T16:10:38.594Z - Handled HASH_GLOB. Handling time: 1. Response time: 0.
[NX Daemon Server] - 2024-12-13T16:10:38.595Z - [REQUEST]: Responding to the client. handleHashGlob
[NX Daemon Server] - 2024-12-13T16:10:38.595Z - Done responding to the client handleHashGlob
[NX Daemon Server] - 2024-12-13T16:10:38.595Z - Handled HASH_GLOB. Handling time: 0. Response time: 0.
[NX Daemon Server] - 2024-12-13T16:10:38.595Z - [REQUEST]: Responding to the client. handleHashGlob
[NX Daemon Server] - 2024-12-13T16:10:38.595Z - Done responding to the client handleHashGlob
[NX Daemon Server] - 2024-12-13T16:10:38.595Z - Handled HASH_GLOB. Handling time: 0. Response time: 0.
[NX Daemon Server] - 2024-12-13T16:10:38.602Z - Time taken for 'build-project-configs' 25.836458000005223ms
[NX Daemon Server] - 2024-12-13T16:10:38.607Z - Time taken for '@nx-dotnet/core:createDependencies' 7.467666999960784ms
[NX Daemon Server] - 2024-12-13T16:10:38.608Z - Time taken for '@nx/storybook/plugin:createDependencies' 9.186416999960784ms
[NX Daemon Server] - 2024-12-13T16:10:38.631Z - [SYNC]: collect registered sync generators
[NX Daemon Server] - 2024-12-13T16:10:38.632Z - [SYNC]: project graph hash is the same, not collecting task sync generators
[NX Daemon Server] - 2024-12-13T16:10:38.632Z - [SYNC]: nx.json hash is the same, not collecting global sync generators
[NX Daemon Server] - 2024-12-13T16:10:38.632Z - Time taken for 'total execution time for createProjectGraph()' 27.89366699999664ms
[NX Daemon Server] - 2024-12-13T16:11:19.589Z - [WATCHER]: types/types.d.ts was modified
[NX Daemon Server] - 2024-12-13T16:11:19.589Z - [WATCHER]: Processing file changes in outputs
[NX Daemon Server] - 2024-12-13T16:11:20.389Z - [REQUEST]: Updated workspace context based on watched changes, recomputing project graph...
[NX Daemon Server] - 2024-12-13T16:11:20.389Z - [REQUEST]: types/types.d.ts
[NX Daemon Server] - 2024-12-13T16:11:20.389Z - [REQUEST]: 
[NX Daemon Server] - 2024-12-13T16:11:20.397Z - [REQUEST]: Responding to the client. handleHashGlob
[NX Daemon Server] - 2024-12-13T16:11:20.397Z - Done responding to the client handleHashGlob
[NX Daemon Server] - 2024-12-13T16:11:20.397Z - Handled HASH_GLOB. Handling time: 1. Response time: 0.
[NX Daemon Server] - 2024-12-13T16:11:20.397Z - [REQUEST]: Responding to the client. handleGlob
[NX Daemon Server] - 2024-12-13T16:11:20.397Z - Done responding to the client handleGlob
[NX Daemon Server] - 2024-12-13T16:11:20.397Z - Handled GLOB. Handling time: 0. Response time: 0.
[NX Daemon Server] - 2024-12-13T16:11:20.398Z - [REQUEST]: Responding to the client. handleHashGlob
[NX Daemon Server] - 2024-12-13T16:11:20.398Z - Done responding to the client handleHashGlob
[NX Daemon Server] - 2024-12-13T16:11:20.398Z - Handled HASH_GLOB. Handling time: 0. Response time: 0.
[NX Daemon Server] - 2024-12-13T16:11:20.399Z - [REQUEST]: Responding to the client. handleHashGlob
[NX Daemon Server] - 2024-12-13T16:11:20.399Z - Done responding to the client handleHashGlob
[NX Daemon Server] - 2024-12-13T16:11:20.399Z - Handled HASH_GLOB. Handling time: 1. Response time: 0.
[NX Daemon Server] - 2024-12-13T16:11:20.399Z - [REQUEST]: Responding to the client. handleHashGlob
[NX Daemon Server] - 2024-12-13T16:11:20.399Z - Done responding to the client handleHashGlob
[NX Daemon Server] - 2024-12-13T16:11:20.399Z - Handled HASH_GLOB. Handling time: 0. Response time: 0.
[NX Daemon Server] - 2024-12-13T16:11:20.399Z - Time taken for 'hash changed files from watcher' 0.10404200002085418ms
[NX Daemon Server] - 2024-12-13T16:11:20.400Z - [REQUEST]: Responding to the client. handleHashGlob
[NX Daemon Server] - 2024-12-13T16:11:20.400Z - Done responding to the client handleHashGlob
[NX Daemon Server] - 2024-12-13T16:11:20.400Z - Handled HASH_GLOB. Handling time: 0. Response time: 0.
[NX Daemon Server] - 2024-12-13T16:11:20.401Z - [REQUEST]: Responding to the client. handleHashGlob
[NX Daemon Server] - 2024-12-13T16:11:20.401Z - Done responding to the client handleHashGlob
[NX Daemon Server] - 2024-12-13T16:11:20.401Z - Handled HASH_GLOB. Handling time: 1. Response time: 0.
[NX Daemon Server] - 2024-12-13T16:11:20.401Z - [REQUEST]: Responding to the client. handleHashGlob
[NX Daemon Server] - 2024-12-13T16:11:20.401Z - Done responding to the client handleHashGlob
[NX Daemon Server] - 2024-12-13T16:11:20.401Z - Handled HASH_GLOB. Handling time: 0. Response time: 0.
[NX Daemon Server] - 2024-12-13T16:11:20.402Z - [REQUEST]: Responding to the client. handleHashGlob
[NX Daemon Server] - 2024-12-13T16:11:20.402Z - Done responding to the client handleHashGlob
[NX Daemon Server] - 2024-12-13T16:11:20.402Z - Handled HASH_GLOB. Handling time: 0. Response time: 0.
[NX Daemon Server] - 2024-12-13T16:11:20.405Z - [REQUEST]: Responding to the client. handleHashGlob
[NX Daemon Server] - 2024-12-13T16:11:20.405Z - Done responding to the client handleHashGlob
[NX Daemon Server] - 2024-12-13T16:11:20.405Z - Handled HASH_GLOB. Handling time: 0. Response time: 0.
[NX Daemon Server] - 2024-12-13T16:11:20.406Z - [REQUEST]: Responding to the client. handleHashGlob
[NX Daemon Server] - 2024-12-13T16:11:20.406Z - Done responding to the client handleHashGlob
[NX Daemon Server] - 2024-12-13T16:11:20.406Z - Handled HASH_GLOB. Handling time: 1. Response time: 0.
[NX Daemon Server] - 2024-12-13T16:11:20.406Z - [REQUEST]: Responding to the client. handleHashGlob
[NX Daemon Server] - 2024-12-13T16:11:20.406Z - Done responding to the client handleHashGlob
[NX Daemon Server] - 2024-12-13T16:11:20.406Z - Handled HASH_GLOB. Handling time: 0. Response time: 0.
[NX Daemon Server] - 2024-12-13T16:11:20.412Z - Time taken for 'build-project-configs' 18.168582999962382ms
[NX Daemon Server] - 2024-12-13T16:11:20.415Z - Time taken for '@nx-dotnet/core:createDependencies' 4.635583000024781ms
[NX Daemon Server] - 2024-12-13T16:11:20.416Z - Time taken for '@nx/storybook/plugin:createDependencies' 6.27925000002142ms
[NX Daemon Server] - 2024-12-13T16:11:20.432Z - [SYNC]: collect registered sync generators
[NX Daemon Server] - 2024-12-13T16:11:20.432Z - [SYNC]: project graph hash is the same, not collecting task sync generators
[NX Daemon Server] - 2024-12-13T16:11:20.433Z - [SYNC]: nx.json hash is the same, not collecting global sync generators
[NX Daemon Server] - 2024-12-13T16:11:20.433Z - Time taken for 'total execution time for createProjectGraph()' 18.337415999965742ms
[NX Daemon Server] - 2024-12-13T16:14:51.144Z - [WATCHER]: tsconfig.base.json was modified
[NX Daemon Server] - 2024-12-13T16:14:51.145Z - [WATCHER]: Processing file changes in outputs
[NX Daemon Server] - 2024-12-13T16:14:52.745Z - [REQUEST]: Updated workspace context based on watched changes, recomputing project graph...
[NX Daemon Server] - 2024-12-13T16:14:52.745Z - [REQUEST]: tsconfig.base.json
[NX Daemon Server] - 2024-12-13T16:14:52.745Z - [REQUEST]: 
[NX Daemon Server] - 2024-12-13T16:14:52.754Z - [REQUEST]: Responding to the client. handleHashGlob
[NX Daemon Server] - 2024-12-13T16:14:52.754Z - Done responding to the client handleHashGlob
[NX Daemon Server] - 2024-12-13T16:14:52.754Z - Handled HASH_GLOB. Handling time: 1. Response time: 0.
[NX Daemon Server] - 2024-12-13T16:14:52.755Z - [REQUEST]: Responding to the client. handleGlob
[NX Daemon Server] - 2024-12-13T16:14:52.755Z - Done responding to the client handleGlob
[NX Daemon Server] - 2024-12-13T16:14:52.755Z - Handled GLOB. Handling time: 1. Response time: 0.
[NX Daemon Server] - 2024-12-13T16:14:52.755Z - [REQUEST]: Responding to the client. handleHashGlob
[NX Daemon Server] - 2024-12-13T16:14:52.755Z - Done responding to the client handleHashGlob
[NX Daemon Server] - 2024-12-13T16:14:52.755Z - Handled HASH_GLOB. Handling time: 0. Response time: 0.
[NX Daemon Server] - 2024-12-13T16:14:52.756Z - [REQUEST]: Responding to the client. handleHashGlob
[NX Daemon Server] - 2024-12-13T16:14:52.756Z - Done responding to the client handleHashGlob
[NX Daemon Server] - 2024-12-13T16:14:52.756Z - Handled HASH_GLOB. Handling time: 0. Response time: 0.
[NX Daemon Server] - 2024-12-13T16:14:52.757Z - [REQUEST]: Responding to the client. handleHashGlob
[NX Daemon Server] - 2024-12-13T16:14:52.757Z - Done responding to the client handleHashGlob
[NX Daemon Server] - 2024-12-13T16:14:52.757Z - Handled HASH_GLOB. Handling time: 1. Response time: 0.
[NX Daemon Server] - 2024-12-13T16:14:52.757Z - Time taken for 'hash changed files from watcher' 0.12016699998639524ms
[NX Daemon Server] - 2024-12-13T16:14:52.758Z - [REQUEST]: Responding to the client. handleHashGlob
[NX Daemon Server] - 2024-12-13T16:14:52.758Z - Done responding to the client handleHashGlob
[NX Daemon Server] - 2024-12-13T16:14:52.758Z - Handled HASH_GLOB. Handling time: 1. Response time: 0.
[NX Daemon Server] - 2024-12-13T16:14:52.758Z - [REQUEST]: Responding to the client. handleHashGlob
[NX Daemon Server] - 2024-12-13T16:14:52.758Z - Done responding to the client handleHashGlob
[NX Daemon Server] - 2024-12-13T16:14:52.758Z - Handled HASH_GLOB. Handling time: 0. Response time: 0.
[NX Daemon Server] - 2024-12-13T16:14:52.759Z - [REQUEST]: Responding to the client. handleHashGlob
[NX Daemon Server] - 2024-12-13T16:14:52.759Z - Done responding to the client handleHashGlob
[NX Daemon Server] - 2024-12-13T16:14:52.759Z - Handled HASH_GLOB. Handling time: 0. Response time: 0.
[NX Daemon Server] - 2024-12-13T16:14:52.760Z - [REQUEST]: Responding to the client. handleHashGlob
[NX Daemon Server] - 2024-12-13T16:14:52.760Z - Done responding to the client handleHashGlob
[NX Daemon Server] - 2024-12-13T16:14:52.760Z - Handled HASH_GLOB. Handling time: 1. Response time: 0.
[NX Daemon Server] - 2024-12-13T16:14:52.764Z - [REQUEST]: Responding to the client. handleHashGlob
[NX Daemon Server] - 2024-12-13T16:14:52.764Z - Done responding to the client handleHashGlob
[NX Daemon Server] - 2024-12-13T16:14:52.764Z - Handled HASH_GLOB. Handling time: 1. Response time: 0.
[NX Daemon Server] - 2024-12-13T16:14:52.765Z - [REQUEST]: Responding to the client. handleHashGlob
[NX Daemon Server] - 2024-12-13T16:14:52.765Z - Done responding to the client handleHashGlob
[NX Daemon Server] - 2024-12-13T16:14:52.765Z - Handled HASH_GLOB. Handling time: 0. Response time: 0.
[NX Daemon Server] - 2024-12-13T16:14:52.766Z - [REQUEST]: Responding to the client. handleHashGlob
[NX Daemon Server] - 2024-12-13T16:14:52.766Z - Done responding to the client handleHashGlob
[NX Daemon Server] - 2024-12-13T16:14:52.766Z - Handled HASH_GLOB. Handling time: 0. Response time: 0.
[NX Daemon Server] - 2024-12-13T16:14:52.773Z - Time taken for 'build-project-configs' 22.979916000040248ms
[NX Daemon Server] - 2024-12-13T16:14:52.776Z - Time taken for '@nx-dotnet/core:createDependencies' 5.277624999987893ms
[NX Daemon Server] - 2024-12-13T16:14:52.776Z - Time taken for '@nx/storybook/plugin:createDependencies' 6.854209000011906ms
[NX Daemon Server] - 2024-12-13T16:14:52.796Z - [SYNC]: collect registered sync generators
[NX Daemon Server] - 2024-12-13T16:14:52.797Z - [SYNC]: project graph hash is the same, not collecting task sync generators
[NX Daemon Server] - 2024-12-13T16:14:52.797Z - [SYNC]: nx.json hash is the same, not collecting global sync generators
[NX Daemon Server] - 2024-12-13T16:14:52.797Z - Time taken for 'total execution time for createProjectGraph()' 22.137166999978945ms
[NX Daemon Server] - 2024-12-13T16:15:00.270Z - [WATCHER]: tsconfig.base.json was modified
[NX Daemon Server] - 2024-12-13T16:15:00.270Z - [WATCHER]: Processing file changes in outputs
[NX Daemon Server] - 2024-12-13T16:15:03.471Z - [REQUEST]: Updated workspace context based on watched changes, recomputing project graph...
[NX Daemon Server] - 2024-12-13T16:15:03.471Z - [REQUEST]: tsconfig.base.json
[NX Daemon Server] - 2024-12-13T16:15:03.471Z - [REQUEST]: 
[NX Daemon Server] - 2024-12-13T16:15:03.489Z - [REQUEST]: Responding to the client. handleHashGlob
[NX Daemon Server] - 2024-12-13T16:15:03.489Z - Done responding to the client handleHashGlob
[NX Daemon Server] - 2024-12-13T16:15:03.489Z - Handled HASH_GLOB. Handling time: 1. Response time: 0.
[NX Daemon Server] - 2024-12-13T16:15:03.490Z - [REQUEST]: Responding to the client. handleGlob
[NX Daemon Server] - 2024-12-13T16:15:03.490Z - Done responding to the client handleGlob
[NX Daemon Server] - 2024-12-13T16:15:03.490Z - Handled GLOB. Handling time: 1. Response time: 0.
[NX Daemon Server] - 2024-12-13T16:15:03.491Z - [REQUEST]: Responding to the client. handleHashGlob
[NX Daemon Server] - 2024-12-13T16:15:03.491Z - Done responding to the client handleHashGlob
[NX Daemon Server] - 2024-12-13T16:15:03.491Z - Handled HASH_GLOB. Handling time: 1. Response time: 0.
[NX Daemon Server] - 2024-12-13T16:15:03.492Z - [REQUEST]: Responding to the client. handleHashGlob
[NX Daemon Server] - 2024-12-13T16:15:03.492Z - Done responding to the client handleHashGlob
[NX Daemon Server] - 2024-12-13T16:15:03.492Z - Handled HASH_GLOB. Handling time: 0. Response time: 0.
[NX Daemon Server] - 2024-12-13T16:15:03.494Z - [REQUEST]: Responding to the client. handleHashGlob
[NX Daemon Server] - 2024-12-13T16:15:03.494Z - Done responding to the client handleHashGlob
[NX Daemon Server] - 2024-12-13T16:15:03.494Z - Handled HASH_GLOB. Handling time: 1. Response time: 0.
[NX Daemon Server] - 2024-12-13T16:15:03.494Z - Time taken for 'hash changed files from watcher' 0.21775000006891787ms
[NX Daemon Server] - 2024-12-13T16:15:03.495Z - [REQUEST]: Responding to the client. handleHashGlob
[NX Daemon Server] - 2024-12-13T16:15:03.495Z - Done responding to the client handleHashGlob
[NX Daemon Server] - 2024-12-13T16:15:03.495Z - Handled HASH_GLOB. Handling time: 0. Response time: 0.
[NX Daemon Server] - 2024-12-13T16:15:03.496Z - [REQUEST]: Responding to the client. handleHashGlob
[NX Daemon Server] - 2024-12-13T16:15:03.496Z - Done responding to the client handleHashGlob
[NX Daemon Server] - 2024-12-13T16:15:03.496Z - Handled HASH_GLOB. Handling time: 0. Response time: 0.
[NX Daemon Server] - 2024-12-13T16:15:03.497Z - [REQUEST]: Responding to the client. handleHashGlob
[NX Daemon Server] - 2024-12-13T16:15:03.497Z - Done responding to the client handleHashGlob
[NX Daemon Server] - 2024-12-13T16:15:03.497Z - Handled HASH_GLOB. Handling time: 0. Response time: 0.
[NX Daemon Server] - 2024-12-13T16:15:03.498Z - [REQUEST]: Responding to the client. handleHashGlob
[NX Daemon Server] - 2024-12-13T16:15:03.498Z - Done responding to the client handleHashGlob
[NX Daemon Server] - 2024-12-13T16:15:03.498Z - Handled HASH_GLOB. Handling time: 0. Response time: 0.
[NX Daemon Server] - 2024-12-13T16:15:03.499Z - [REQUEST]: Responding to the client. handleHashGlob
[NX Daemon Server] - 2024-12-13T16:15:03.499Z - Done responding to the client handleHashGlob
[NX Daemon Server] - 2024-12-13T16:15:03.499Z - Handled HASH_GLOB. Handling time: 0. Response time: 0.
[NX Daemon Server] - 2024-12-13T16:15:03.501Z - [REQUEST]: Responding to the client. handleHashGlob
[NX Daemon Server] - 2024-12-13T16:15:03.501Z - Done responding to the client handleHashGlob
[NX Daemon Server] - 2024-12-13T16:15:03.501Z - Handled HASH_GLOB. Handling time: 1. Response time: 0.
[NX Daemon Server] - 2024-12-13T16:15:03.502Z - [REQUEST]: Responding to the client. handleHashGlob
[NX Daemon Server] - 2024-12-13T16:15:03.502Z - Done responding to the client handleHashGlob
[NX Daemon Server] - 2024-12-13T16:15:03.502Z - Handled HASH_GLOB. Handling time: 1. Response time: 0.
[NX Daemon Server] - 2024-12-13T16:15:03.516Z - Time taken for 'build-project-configs' 37.05274999991525ms
[NX Daemon Server] - 2024-12-13T16:15:03.523Z - Time taken for '@nx/storybook/plugin:createDependencies' 12.29866700002458ms
[NX Daemon Server] - 2024-12-13T16:15:03.524Z - Time taken for '@nx-dotnet/core:createDependencies' 10.561041999957524ms
[NX Daemon Server] - 2024-12-13T16:15:03.544Z - [SYNC]: collect registered sync generators
[NX Daemon Server] - 2024-12-13T16:15:03.544Z - [SYNC]: project graph hash is the same, not collecting task sync generators
[NX Daemon Server] - 2024-12-13T16:15:03.544Z - [SYNC]: nx.json hash is the same, not collecting global sync generators
[NX Daemon Server] - 2024-12-13T16:15:03.544Z - Time taken for 'total execution time for createProjectGraph()' 28.651791999931447ms
[NX Daemon Server] - 2024-12-13T16:15:03.561Z - [WATCHER]: tsconfig.base.json was modified
[NX Daemon Server] - 2024-12-13T16:15:03.561Z - [WATCHER]: Processing file changes in outputs
[NX Daemon Server] - 2024-12-13T16:15:09.962Z - [REQUEST]: Updated workspace context based on watched changes, recomputing project graph...
[NX Daemon Server] - 2024-12-13T16:15:09.962Z - [REQUEST]: tsconfig.base.json
[NX Daemon Server] - 2024-12-13T16:15:09.963Z - [REQUEST]: 
[NX Daemon Server] - 2024-12-13T16:15:09.977Z - [REQUEST]: Responding to the client. handleHashGlob
[NX Daemon Server] - 2024-12-13T16:15:09.977Z - Done responding to the client handleHashGlob
[NX Daemon Server] - 2024-12-13T16:15:09.977Z - Handled HASH_GLOB. Handling time: 1. Response time: 0.
[NX Daemon Server] - 2024-12-13T16:15:09.979Z - [REQUEST]: Responding to the client. handleGlob
[NX Daemon Server] - 2024-12-13T16:15:09.979Z - Done responding to the client handleGlob
[NX Daemon Server] - 2024-12-13T16:15:09.979Z - Handled GLOB. Handling time: 1. Response time: 0.
[NX Daemon Server] - 2024-12-13T16:15:09.980Z - [REQUEST]: Responding to the client. handleHashGlob
[NX Daemon Server] - 2024-12-13T16:15:09.980Z - Done responding to the client handleHashGlob
[NX Daemon Server] - 2024-12-13T16:15:09.980Z - Handled HASH_GLOB. Handling time: 1. Response time: 0.
[NX Daemon Server] - 2024-12-13T16:15:09.981Z - [REQUEST]: Responding to the client. handleHashGlob
[NX Daemon Server] - 2024-12-13T16:15:09.981Z - Done responding to the client handleHashGlob
[NX Daemon Server] - 2024-12-13T16:15:09.981Z - Handled HASH_GLOB. Handling time: 0. Response time: 0.
[NX Daemon Server] - 2024-12-13T16:15:09.982Z - [REQUEST]: Responding to the client. handleHashGlob
[NX Daemon Server] - 2024-12-13T16:15:09.982Z - Done responding to the client handleHashGlob
[NX Daemon Server] - 2024-12-13T16:15:09.982Z - Handled HASH_GLOB. Handling time: 0. Response time: 0.
[NX Daemon Server] - 2024-12-13T16:15:09.982Z - Time taken for 'hash changed files from watcher' 0.25250000006053597ms
[NX Daemon Server] - 2024-12-13T16:15:09.983Z - [REQUEST]: Responding to the client. handleHashGlob
[NX Daemon Server] - 2024-12-13T16:15:09.983Z - Done responding to the client handleHashGlob
[NX Daemon Server] - 2024-12-13T16:15:09.983Z - Handled HASH_GLOB. Handling time: 0. Response time: 0.
[NX Daemon Server] - 2024-12-13T16:15:09.984Z - [REQUEST]: Responding to the client. handleHashGlob
[NX Daemon Server] - 2024-12-13T16:15:09.984Z - Done responding to the client handleHashGlob
[NX Daemon Server] - 2024-12-13T16:15:09.984Z - Handled HASH_GLOB. Handling time: 0. Response time: 0.
[NX Daemon Server] - 2024-12-13T16:15:09.986Z - [REQUEST]: Responding to the client. handleHashGlob
[NX Daemon Server] - 2024-12-13T16:15:09.986Z - Done responding to the client handleHashGlob
[NX Daemon Server] - 2024-12-13T16:15:09.986Z - Handled HASH_GLOB. Handling time: 1. Response time: 0.
[NX Daemon Server] - 2024-12-13T16:15:09.986Z - [REQUEST]: Responding to the client. handleHashGlob
[NX Daemon Server] - 2024-12-13T16:15:09.987Z - Done responding to the client handleHashGlob
[NX Daemon Server] - 2024-12-13T16:15:09.987Z - Handled HASH_GLOB. Handling time: 0. Response time: 1.
[NX Daemon Server] - 2024-12-13T16:15:09.991Z - [REQUEST]: Responding to the client. handleHashGlob
[NX Daemon Server] - 2024-12-13T16:15:09.992Z - Done responding to the client handleHashGlob
[NX Daemon Server] - 2024-12-13T16:15:09.992Z - Handled HASH_GLOB. Handling time: 0. Response time: 1.
[NX Daemon Server] - 2024-12-13T16:15:09.993Z - [REQUEST]: Responding to the client. handleHashGlob
[NX Daemon Server] - 2024-12-13T16:15:09.993Z - Done responding to the client handleHashGlob
[NX Daemon Server] - 2024-12-13T16:15:09.993Z - Handled HASH_GLOB. Handling time: 0. Response time: 0.
[NX Daemon Server] - 2024-12-13T16:15:09.994Z - [REQUEST]: Responding to the client. handleHashGlob
[NX Daemon Server] - 2024-12-13T16:15:09.994Z - Done responding to the client handleHashGlob
[NX Daemon Server] - 2024-12-13T16:15:09.994Z - Handled HASH_GLOB. Handling time: 0. Response time: 0.
[NX Daemon Server] - 2024-12-13T16:15:10.002Z - Time taken for 'build-project-configs' 32.8507919999538ms
[NX Daemon Server] - 2024-12-13T16:15:10.006Z - Time taken for '@nx-dotnet/core:createDependencies' 6.626959000015631ms
[NX Daemon Server] - 2024-12-13T16:15:10.007Z - Time taken for '@nx/storybook/plugin:createDependencies' 8.693749999976717ms
[NX Daemon Server] - 2024-12-13T16:15:10.027Z - [SYNC]: collect registered sync generators
[NX Daemon Server] - 2024-12-13T16:15:10.027Z - [SYNC]: project graph hash is the same, not collecting task sync generators
[NX Daemon Server] - 2024-12-13T16:15:10.027Z - [SYNC]: nx.json hash is the same, not collecting global sync generators
[NX Daemon Server] - 2024-12-13T16:15:10.027Z - Time taken for 'total execution time for createProjectGraph()' 24.324167000013404ms
[NX Daemon Server] - 2024-12-13T16:15:19.234Z - [WATCHER]: libs/shared-components/tsconfig.lib.json was modified
[NX Daemon Server] - 2024-12-13T16:15:19.234Z - [WATCHER]: Processing file changes in outputs
[NX Daemon Server] - 2024-12-13T16:15:25.635Z - [REQUEST]: Updated workspace context based on watched changes, recomputing project graph...
[NX Daemon Server] - 2024-12-13T16:15:25.636Z - [REQUEST]: libs/shared-components/tsconfig.lib.json
[NX Daemon Server] - 2024-12-13T16:15:25.636Z - [REQUEST]: 
[NX Daemon Server] - 2024-12-13T16:15:25.643Z - [REQUEST]: Responding to the client. handleHashGlob
[NX Daemon Server] - 2024-12-13T16:15:25.643Z - Done responding to the client handleHashGlob
[NX Daemon Server] - 2024-12-13T16:15:25.643Z - Handled HASH_GLOB. Handling time: 0. Response time: 0.
[NX Daemon Server] - 2024-12-13T16:15:25.644Z - [REQUEST]: Responding to the client. handleGlob
[NX Daemon Server] - 2024-12-13T16:15:25.644Z - Done responding to the client handleGlob
[NX Daemon Server] - 2024-12-13T16:15:25.644Z - Handled GLOB. Handling time: 0. Response time: 0.
[NX Daemon Server] - 2024-12-13T16:15:25.644Z - [REQUEST]: Responding to the client. handleHashGlob
[NX Daemon Server] - 2024-12-13T16:15:25.645Z - Done responding to the client handleHashGlob
[NX Daemon Server] - 2024-12-13T16:15:25.645Z - Handled HASH_GLOB. Handling time: 0. Response time: 1.
[NX Daemon Server] - 2024-12-13T16:15:25.645Z - [REQUEST]: Responding to the client. handleHashGlob
[NX Daemon Server] - 2024-12-13T16:15:25.645Z - Done responding to the client handleHashGlob
[NX Daemon Server] - 2024-12-13T16:15:25.645Z - Handled HASH_GLOB. Handling time: 0. Response time: 0.
[NX Daemon Server] - 2024-12-13T16:15:25.646Z - [REQUEST]: Responding to the client. handleHashGlob
[NX Daemon Server] - 2024-12-13T16:15:25.646Z - Done responding to the client handleHashGlob
[NX Daemon Server] - 2024-12-13T16:15:25.646Z - Handled HASH_GLOB. Handling time: 1. Response time: 0.
[NX Daemon Server] - 2024-12-13T16:15:25.646Z - Time taken for 'hash changed files from watcher' 0.12258299998939037ms
[NX Daemon Server] - 2024-12-13T16:15:25.646Z - [REQUEST]: Responding to the client. handleHashGlob
[NX Daemon Server] - 2024-12-13T16:15:25.646Z - Done responding to the client handleHashGlob
[NX Daemon Server] - 2024-12-13T16:15:25.646Z - Handled HASH_GLOB. Handling time: 0. Response time: 0.
[NX Daemon Server] - 2024-12-13T16:15:25.647Z - [REQUEST]: Responding to the client. handleHashGlob
[NX Daemon Server] - 2024-12-13T16:15:25.647Z - Done responding to the client handleHashGlob
[NX Daemon Server] - 2024-12-13T16:15:25.647Z - Handled HASH_GLOB. Handling time: 0. Response time: 0.
[NX Daemon Server] - 2024-12-13T16:15:25.648Z - [REQUEST]: Responding to the client. handleHashGlob
[NX Daemon Server] - 2024-12-13T16:15:25.648Z - Done responding to the client handleHashGlob
[NX Daemon Server] - 2024-12-13T16:15:25.648Z - Handled HASH_GLOB. Handling time: 0. Response time: 0.
[NX Daemon Server] - 2024-12-13T16:15:25.649Z - [REQUEST]: Responding to the client. handleHashGlob
[NX Daemon Server] - 2024-12-13T16:15:25.649Z - Done responding to the client handleHashGlob
[NX Daemon Server] - 2024-12-13T16:15:25.649Z - Handled HASH_GLOB. Handling time: 1. Response time: 0.
[NX Daemon Server] - 2024-12-13T16:15:25.652Z - [REQUEST]: Responding to the client. handleHashGlob
[NX Daemon Server] - 2024-12-13T16:15:25.652Z - Done responding to the client handleHashGlob
[NX Daemon Server] - 2024-12-13T16:15:25.652Z - Handled HASH_GLOB. Handling time: 0. Response time: 0.
[NX Daemon Server] - 2024-12-13T16:15:25.653Z - [REQUEST]: Responding to the client. handleHashGlob
[NX Daemon Server] - 2024-12-13T16:15:25.653Z - Done responding to the client handleHashGlob
[NX Daemon Server] - 2024-12-13T16:15:25.653Z - Handled HASH_GLOB. Handling time: 0. Response time: 0.
[NX Daemon Server] - 2024-12-13T16:15:25.653Z - [REQUEST]: Responding to the client. handleHashGlob
[NX Daemon Server] - 2024-12-13T16:15:25.654Z - Done responding to the client handleHashGlob
[NX Daemon Server] - 2024-12-13T16:15:25.654Z - Handled HASH_GLOB. Handling time: 0. Response time: 1.
[NX Daemon Server] - 2024-12-13T16:15:25.663Z - Time taken for 'build-project-configs' 22.23633400001563ms
[NX Daemon Server] - 2024-12-13T16:15:25.666Z - Time taken for '@nx-dotnet/core:createDependencies' 5.145583000034094ms
[NX Daemon Server] - 2024-12-13T16:15:25.666Z - Time taken for '@nx/storybook/plugin:createDependencies' 6.446667000069283ms
[NX Daemon Server] - 2024-12-13T16:15:25.686Z - [SYNC]: collect registered sync generators
[NX Daemon Server] - 2024-12-13T16:15:25.686Z - [SYNC]: project graph hash is the same, not collecting task sync generators
[NX Daemon Server] - 2024-12-13T16:15:25.686Z - [SYNC]: nx.json hash is the same, not collecting global sync generators
[NX Daemon Server] - 2024-12-13T16:15:25.686Z - Time taken for 'total execution time for createProjectGraph()' 21.386375000001863ms
[NX Daemon Server] - 2024-12-13T16:15:29.045Z - [WATCHER]: libs/shared-components/tsconfig.lib.json was modified
[NX Daemon Server] - 2024-12-13T16:15:29.045Z - [WATCHER]: Processing file changes in outputs
[NX Daemon Server] - 2024-12-13T16:15:35.444Z - [REQUEST]: Updated workspace context based on watched changes, recomputing project graph...
[NX Daemon Server] - 2024-12-13T16:15:35.445Z - [REQUEST]: libs/shared-components/tsconfig.lib.json
[NX Daemon Server] - 2024-12-13T16:15:35.445Z - [REQUEST]: 
[NX Daemon Server] - 2024-12-13T16:15:35.459Z - [REQUEST]: Responding to the client. handleHashGlob
[NX Daemon Server] - 2024-12-13T16:15:35.459Z - Done responding to the client handleHashGlob
[NX Daemon Server] - 2024-12-13T16:15:35.459Z - Handled HASH_GLOB. Handling time: 1. Response time: 0.
[NX Daemon Server] - 2024-12-13T16:15:35.460Z - [REQUEST]: Responding to the client. handleGlob
[NX Daemon Server] - 2024-12-13T16:15:35.460Z - Done responding to the client handleGlob
[NX Daemon Server] - 2024-12-13T16:15:35.460Z - Handled GLOB. Handling time: 1. Response time: 0.
[NX Daemon Server] - 2024-12-13T16:15:35.461Z - [REQUEST]: Responding to the client. handleHashGlob
[NX Daemon Server] - 2024-12-13T16:15:35.461Z - Done responding to the client handleHashGlob
[NX Daemon Server] - 2024-12-13T16:15:35.461Z - Handled HASH_GLOB. Handling time: 1. Response time: 0.
[NX Daemon Server] - 2024-12-13T16:15:35.461Z - [REQUEST]: Responding to the client. handleHashGlob
[NX Daemon Server] - 2024-12-13T16:15:35.461Z - Done responding to the client handleHashGlob
[NX Daemon Server] - 2024-12-13T16:15:35.461Z - Handled HASH_GLOB. Handling time: 0. Response time: 0.
[NX Daemon Server] - 2024-12-13T16:15:35.462Z - [REQUEST]: Responding to the client. handleHashGlob
[NX Daemon Server] - 2024-12-13T16:15:35.462Z - Done responding to the client handleHashGlob
[NX Daemon Server] - 2024-12-13T16:15:35.462Z - Handled HASH_GLOB. Handling time: 0. Response time: 0.
[NX Daemon Server] - 2024-12-13T16:15:35.462Z - Time taken for 'hash changed files from watcher' 0.2873329999856651ms
[NX Daemon Server] - 2024-12-13T16:15:35.463Z - [REQUEST]: Responding to the client. handleHashGlob
[NX Daemon Server] - 2024-12-13T16:15:35.463Z - Done responding to the client handleHashGlob
[NX Daemon Server] - 2024-12-13T16:15:35.463Z - Handled HASH_GLOB. Handling time: 0. Response time: 0.
[NX Daemon Server] - 2024-12-13T16:15:35.464Z - [REQUEST]: Responding to the client. handleHashGlob
[NX Daemon Server] - 2024-12-13T16:15:35.464Z - Done responding to the client handleHashGlob
[NX Daemon Server] - 2024-12-13T16:15:35.464Z - Handled HASH_GLOB. Handling time: 0. Response time: 0.
[NX Daemon Server] - 2024-12-13T16:15:35.465Z - [REQUEST]: Responding to the client. handleHashGlob
[NX Daemon Server] - 2024-12-13T16:15:35.465Z - Done responding to the client handleHashGlob
[NX Daemon Server] - 2024-12-13T16:15:35.465Z - Handled HASH_GLOB. Handling time: 1. Response time: 0.
[NX Daemon Server] - 2024-12-13T16:15:35.466Z - [REQUEST]: Responding to the client. handleHashGlob
[NX Daemon Server] - 2024-12-13T16:15:35.466Z - Done responding to the client handleHashGlob
[NX Daemon Server] - 2024-12-13T16:15:35.466Z - Handled HASH_GLOB. Handling time: 1. Response time: 0.
[NX Daemon Server] - 2024-12-13T16:15:35.467Z - [REQUEST]: Responding to the client. handleHashGlob
[NX Daemon Server] - 2024-12-13T16:15:35.467Z - Done responding to the client handleHashGlob
[NX Daemon Server] - 2024-12-13T16:15:35.467Z - Handled HASH_GLOB. Handling time: 1. Response time: 0.
[NX Daemon Server] - 2024-12-13T16:15:35.468Z - [REQUEST]: Responding to the client. handleHashGlob
[NX Daemon Server] - 2024-12-13T16:15:35.468Z - Done responding to the client handleHashGlob
[NX Daemon Server] - 2024-12-13T16:15:35.468Z - Handled HASH_GLOB. Handling time: 1. Response time: 0.
[NX Daemon Server] - 2024-12-13T16:15:35.468Z - [REQUEST]: Responding to the client. handleHashGlob
[NX Daemon Server] - 2024-12-13T16:15:35.468Z - Done responding to the client handleHashGlob
[NX Daemon Server] - 2024-12-13T16:15:35.468Z - Handled HASH_GLOB. Handling time: 0. Response time: 0.
[NX Daemon Server] - 2024-12-13T16:15:35.479Z - Time taken for 'build-project-configs' 27.594875000067987ms
[NX Daemon Server] - 2024-12-13T16:15:35.483Z - Time taken for '@nx-dotnet/core:createDependencies' 6.677792000002228ms
[NX Daemon Server] - 2024-12-13T16:15:35.484Z - Time taken for '@nx/storybook/plugin:createDependencies' 8.727917000069283ms
[NX Daemon Server] - 2024-12-13T16:15:35.509Z - [SYNC]: collect registered sync generators
[NX Daemon Server] - 2024-12-13T16:15:35.510Z - [SYNC]: project graph hash is the same, not collecting task sync generators
[NX Daemon Server] - 2024-12-13T16:15:35.510Z - [SYNC]: nx.json hash is the same, not collecting global sync generators
[NX Daemon Server] - 2024-12-13T16:15:35.510Z - Time taken for 'total execution time for createProjectGraph()' 29.402541999937966ms
[NX Daemon Server] - 2024-12-13T16:19:46.559Z - [WATCHER]: libs/shared-components/tsconfig.lib.json was modified
[NX Daemon Server] - 2024-12-13T16:19:46.559Z - [WATCHER]: Processing file changes in outputs
[NX Daemon Server] - 2024-12-13T16:19:52.960Z - [REQUEST]: Updated workspace context based on watched changes, recomputing project graph...
[NX Daemon Server] - 2024-12-13T16:19:52.960Z - [REQUEST]: libs/shared-components/tsconfig.lib.json
[NX Daemon Server] - 2024-12-13T16:19:52.960Z - [REQUEST]: 
[NX Daemon Server] - 2024-12-13T16:19:52.972Z - [REQUEST]: Responding to the client. handleHashGlob
[NX Daemon Server] - 2024-12-13T16:19:52.972Z - Done responding to the client handleHashGlob
[NX Daemon Server] - 2024-12-13T16:19:52.972Z - Handled HASH_GLOB. Handling time: 0. Response time: 0.
[NX Daemon Server] - 2024-12-13T16:19:52.973Z - [REQUEST]: Responding to the client. handleGlob
[NX Daemon Server] - 2024-12-13T16:19:52.973Z - Done responding to the client handleGlob
[NX Daemon Server] - 2024-12-13T16:19:52.973Z - Handled GLOB. Handling time: 0. Response time: 0.
[NX Daemon Server] - 2024-12-13T16:19:52.974Z - [REQUEST]: Responding to the client. handleHashGlob
[NX Daemon Server] - 2024-12-13T16:19:52.974Z - Done responding to the client handleHashGlob
[NX Daemon Server] - 2024-12-13T16:19:52.974Z - Handled HASH_GLOB. Handling time: 0. Response time: 0.
[NX Daemon Server] - 2024-12-13T16:19:52.975Z - [REQUEST]: Responding to the client. handleHashGlob
[NX Daemon Server] - 2024-12-13T16:19:52.977Z - Done responding to the client handleHashGlob
[NX Daemon Server] - 2024-12-13T16:19:52.977Z - Handled HASH_GLOB. Handling time: 0. Response time: 2.
[NX Daemon Server] - 2024-12-13T16:19:52.978Z - [REQUEST]: Responding to the client. handleHashGlob
[NX Daemon Server] - 2024-12-13T16:19:52.978Z - Done responding to the client handleHashGlob
[NX Daemon Server] - 2024-12-13T16:19:52.978Z - Handled HASH_GLOB. Handling time: 1. Response time: 0.
[NX Daemon Server] - 2024-12-13T16:19:52.978Z - Time taken for 'hash changed files from watcher' 0.26137500000186265ms
[NX Daemon Server] - 2024-12-13T16:19:52.979Z - [REQUEST]: Responding to the client. handleHashGlob
[NX Daemon Server] - 2024-12-13T16:19:52.979Z - Done responding to the client handleHashGlob
[NX Daemon Server] - 2024-12-13T16:19:52.979Z - Handled HASH_GLOB. Handling time: 1. Response time: 0.
[NX Daemon Server] - 2024-12-13T16:19:52.979Z - [REQUEST]: Responding to the client. handleHashGlob
[NX Daemon Server] - 2024-12-13T16:19:52.979Z - Done responding to the client handleHashGlob
[NX Daemon Server] - 2024-12-13T16:19:52.979Z - Handled HASH_GLOB. Handling time: 0. Response time: 0.
[NX Daemon Server] - 2024-12-13T16:19:52.980Z - [REQUEST]: Responding to the client. handleHashGlob
[NX Daemon Server] - 2024-12-13T16:19:52.980Z - Done responding to the client handleHashGlob
[NX Daemon Server] - 2024-12-13T16:19:52.980Z - Handled HASH_GLOB. Handling time: 0. Response time: 0.
[NX Daemon Server] - 2024-12-13T16:19:52.981Z - [REQUEST]: Responding to the client. handleHashGlob
[NX Daemon Server] - 2024-12-13T16:19:52.981Z - Done responding to the client handleHashGlob
[NX Daemon Server] - 2024-12-13T16:19:52.981Z - Handled HASH_GLOB. Handling time: 0. Response time: 0.
[NX Daemon Server] - 2024-12-13T16:19:52.986Z - [REQUEST]: Responding to the client. handleHashGlob
[NX Daemon Server] - 2024-12-13T16:19:52.986Z - Done responding to the client handleHashGlob
[NX Daemon Server] - 2024-12-13T16:19:52.986Z - Handled HASH_GLOB. Handling time: 0. Response time: 0.
[NX Daemon Server] - 2024-12-13T16:19:52.987Z - [REQUEST]: Responding to the client. handleHashGlob
[NX Daemon Server] - 2024-12-13T16:19:52.987Z - Done responding to the client handleHashGlob
[NX Daemon Server] - 2024-12-13T16:19:52.987Z - Handled HASH_GLOB. Handling time: 0. Response time: 0.
[NX Daemon Server] - 2024-12-13T16:19:52.988Z - [REQUEST]: Responding to the client. handleHashGlob
[NX Daemon Server] - 2024-12-13T16:19:52.988Z - Done responding to the client handleHashGlob
[NX Daemon Server] - 2024-12-13T16:19:52.988Z - Handled HASH_GLOB. Handling time: 0. Response time: 0.
[NX Daemon Server] - 2024-12-13T16:19:53.001Z - Time taken for 'build-project-configs' 34.46720900002401ms
[NX Daemon Server] - 2024-12-13T16:19:53.004Z - Time taken for '@nx-dotnet/core:createDependencies' 5.58304199995473ms
[NX Daemon Server] - 2024-12-13T16:19:53.004Z - Time taken for '@nx/storybook/plugin:createDependencies' 7.137457999982871ms
[NX Daemon Server] - 2024-12-13T16:19:53.024Z - [SYNC]: collect registered sync generators
[NX Daemon Server] - 2024-12-13T16:19:53.024Z - [SYNC]: project graph hash is the same, not collecting task sync generators
[NX Daemon Server] - 2024-12-13T16:19:53.024Z - [SYNC]: nx.json hash is the same, not collecting global sync generators
[NX Daemon Server] - 2024-12-13T16:19:53.024Z - Time taken for 'total execution time for createProjectGraph()' 22.996959000010975ms
[NX Daemon Server] - 2024-12-13T16:20:29.102Z - [WATCHER]: libs/shared-components/tsconfig.lib.json was modified
[NX Daemon Server] - 2024-12-13T16:20:29.102Z - [WATCHER]: Processing file changes in outputs
[NX Daemon Server] - 2024-12-13T16:20:35.503Z - [REQUEST]: Updated workspace context based on watched changes, recomputing project graph...
[NX Daemon Server] - 2024-12-13T16:20:35.504Z - [REQUEST]: libs/shared-components/tsconfig.lib.json
[NX Daemon Server] - 2024-12-13T16:20:35.504Z - [REQUEST]: 
[NX Daemon Server] - 2024-12-13T16:20:35.520Z - [REQUEST]: Responding to the client. handleHashGlob
[NX Daemon Server] - 2024-12-13T16:20:35.521Z - Done responding to the client handleHashGlob
[NX Daemon Server] - 2024-12-13T16:20:35.521Z - Handled HASH_GLOB. Handling time: 0. Response time: 1.
[NX Daemon Server] - 2024-12-13T16:20:35.522Z - [REQUEST]: Responding to the client. handleGlob
[NX Daemon Server] - 2024-12-13T16:20:35.522Z - Done responding to the client handleGlob
[NX Daemon Server] - 2024-12-13T16:20:35.522Z - Handled GLOB. Handling time: 1. Response time: 0.
[NX Daemon Server] - 2024-12-13T16:20:35.523Z - [REQUEST]: Responding to the client. handleHashGlob
[NX Daemon Server] - 2024-12-13T16:20:35.523Z - Done responding to the client handleHashGlob
[NX Daemon Server] - 2024-12-13T16:20:35.523Z - Handled HASH_GLOB. Handling time: 1. Response time: 0.
[NX Daemon Server] - 2024-12-13T16:20:35.524Z - [REQUEST]: Responding to the client. handleHashGlob
[NX Daemon Server] - 2024-12-13T16:20:35.524Z - Done responding to the client handleHashGlob
[NX Daemon Server] - 2024-12-13T16:20:35.524Z - Handled HASH_GLOB. Handling time: 1. Response time: 0.
[NX Daemon Server] - 2024-12-13T16:20:35.525Z - [REQUEST]: Responding to the client. handleHashGlob
[NX Daemon Server] - 2024-12-13T16:20:35.525Z - Done responding to the client handleHashGlob
[NX Daemon Server] - 2024-12-13T16:20:35.525Z - Handled HASH_GLOB. Handling time: 0. Response time: 0.
[NX Daemon Server] - 2024-12-13T16:20:35.525Z - Time taken for 'hash changed files from watcher' 0.37625000008847564ms
[NX Daemon Server] - 2024-12-13T16:20:35.527Z - [REQUEST]: Responding to the client. handleHashGlob
[NX Daemon Server] - 2024-12-13T16:20:35.527Z - Done responding to the client handleHashGlob
[NX Daemon Server] - 2024-12-13T16:20:35.527Z - Handled HASH_GLOB. Handling time: 1. Response time: 0.
[NX Daemon Server] - 2024-12-13T16:20:35.527Z - [REQUEST]: Responding to the client. handleHashGlob
[NX Daemon Server] - 2024-12-13T16:20:35.527Z - Done responding to the client handleHashGlob
[NX Daemon Server] - 2024-12-13T16:20:35.527Z - Handled HASH_GLOB. Handling time: 0. Response time: 0.
[NX Daemon Server] - 2024-12-13T16:20:35.529Z - [REQUEST]: Responding to the client. handleHashGlob
[NX Daemon Server] - 2024-12-13T16:20:35.529Z - Done responding to the client handleHashGlob
[NX Daemon Server] - 2024-12-13T16:20:35.529Z - Handled HASH_GLOB. Handling time: 1. Response time: 0.
[NX Daemon Server] - 2024-12-13T16:20:35.529Z - [REQUEST]: Responding to the client. handleHashGlob
[NX Daemon Server] - 2024-12-13T16:20:35.529Z - Done responding to the client handleHashGlob
[NX Daemon Server] - 2024-12-13T16:20:35.529Z - Handled HASH_GLOB. Handling time: 0. Response time: 0.
[NX Daemon Server] - 2024-12-13T16:20:35.534Z - [REQUEST]: Responding to the client. handleHashGlob
[NX Daemon Server] - 2024-12-13T16:20:35.534Z - Done responding to the client handleHashGlob
[NX Daemon Server] - 2024-12-13T16:20:35.534Z - Handled HASH_GLOB. Handling time: 1. Response time: 0.
[NX Daemon Server] - 2024-12-13T16:20:35.534Z - [REQUEST]: Responding to the client. handleHashGlob
[NX Daemon Server] - 2024-12-13T16:20:35.534Z - Done responding to the client handleHashGlob
[NX Daemon Server] - 2024-12-13T16:20:35.534Z - Handled HASH_GLOB. Handling time: 0. Response time: 0.
[NX Daemon Server] - 2024-12-13T16:20:35.535Z - [REQUEST]: Responding to the client. handleHashGlob
[NX Daemon Server] - 2024-12-13T16:20:35.535Z - Done responding to the client handleHashGlob
[NX Daemon Server] - 2024-12-13T16:20:35.535Z - Handled HASH_GLOB. Handling time: 0. Response time: 0.
[NX Daemon Server] - 2024-12-13T16:20:35.547Z - Time taken for 'build-project-configs' 36.68687500001397ms
[NX Daemon Server] - 2024-12-13T16:20:35.551Z - Time taken for '@nx-dotnet/core:createDependencies' 6.360915999975987ms
[NX Daemon Server] - 2024-12-13T16:20:35.551Z - Time taken for '@nx/storybook/plugin:createDependencies' 7.957708999980241ms
[NX Daemon Server] - 2024-12-13T16:20:35.577Z - [SYNC]: collect registered sync generators
[NX Daemon Server] - 2024-12-13T16:20:35.577Z - [SYNC]: project graph hash is the same, not collecting task sync generators
[NX Daemon Server] - 2024-12-13T16:20:35.577Z - [SYNC]: nx.json hash is the same, not collecting global sync generators
[NX Daemon Server] - 2024-12-13T16:20:35.577Z - Time taken for 'total execution time for createProjectGraph()' 29.314083999954164ms
[NX Daemon Server] - 2024-12-13T16:21:15.022Z - [WATCHER]: libs/shared-components/tsconfig.lib.json was modified
[NX Daemon Server] - 2024-12-13T16:21:15.022Z - [WATCHER]: Processing file changes in outputs
[NX Daemon Server] - 2024-12-13T16:21:21.424Z - [REQUEST]: Updated workspace context based on watched changes, recomputing project graph...
[NX Daemon Server] - 2024-12-13T16:21:21.424Z - [REQUEST]: libs/shared-components/tsconfig.lib.json
[NX Daemon Server] - 2024-12-13T16:21:21.424Z - [REQUEST]: 
[NX Daemon Server] - 2024-12-13T16:21:21.442Z - [REQUEST]: Responding to the client. handleHashGlob
[NX Daemon Server] - 2024-12-13T16:21:21.442Z - Done responding to the client handleHashGlob
[NX Daemon Server] - 2024-12-13T16:21:21.442Z - Handled HASH_GLOB. Handling time: 1. Response time: 0.
[NX Daemon Server] - 2024-12-13T16:21:21.443Z - [REQUEST]: Responding to the client. handleGlob
[NX Daemon Server] - 2024-12-13T16:21:21.443Z - Done responding to the client handleGlob
[NX Daemon Server] - 2024-12-13T16:21:21.443Z - Handled GLOB. Handling time: 1. Response time: 0.
[NX Daemon Server] - 2024-12-13T16:21:21.444Z - [REQUEST]: Responding to the client. handleHashGlob
[NX Daemon Server] - 2024-12-13T16:21:21.444Z - Done responding to the client handleHashGlob
[NX Daemon Server] - 2024-12-13T16:21:21.444Z - Handled HASH_GLOB. Handling time: 1. Response time: 0.
[NX Daemon Server] - 2024-12-13T16:21:21.445Z - [REQUEST]: Responding to the client. handleHashGlob
[NX Daemon Server] - 2024-12-13T16:21:21.445Z - Done responding to the client handleHashGlob
[NX Daemon Server] - 2024-12-13T16:21:21.445Z - Handled HASH_GLOB. Handling time: 1. Response time: 0.
[NX Daemon Server] - 2024-12-13T16:21:21.446Z - [REQUEST]: Responding to the client. handleHashGlob
[NX Daemon Server] - 2024-12-13T16:21:21.446Z - Done responding to the client handleHashGlob
[NX Daemon Server] - 2024-12-13T16:21:21.446Z - Handled HASH_GLOB. Handling time: 1. Response time: 0.
[NX Daemon Server] - 2024-12-13T16:21:21.446Z - Time taken for 'hash changed files from watcher' 0.3299589999951422ms
[NX Daemon Server] - 2024-12-13T16:21:21.447Z - [REQUEST]: Responding to the client. handleHashGlob
[NX Daemon Server] - 2024-12-13T16:21:21.447Z - Done responding to the client handleHashGlob
[NX Daemon Server] - 2024-12-13T16:21:21.447Z - Handled HASH_GLOB. Handling time: 1. Response time: 0.
[NX Daemon Server] - 2024-12-13T16:21:21.448Z - [REQUEST]: Responding to the client. handleHashGlob
[NX Daemon Server] - 2024-12-13T16:21:21.448Z - Done responding to the client handleHashGlob
[NX Daemon Server] - 2024-12-13T16:21:21.448Z - Handled HASH_GLOB. Handling time: 1. Response time: 0.
[NX Daemon Server] - 2024-12-13T16:21:21.449Z - [REQUEST]: Responding to the client. handleHashGlob
[NX Daemon Server] - 2024-12-13T16:21:21.449Z - Done responding to the client handleHashGlob
[NX Daemon Server] - 2024-12-13T16:21:21.449Z - Handled HASH_GLOB. Handling time: 0. Response time: 0.
[NX Daemon Server] - 2024-12-13T16:21:21.450Z - [REQUEST]: Responding to the client. handleHashGlob
[NX Daemon Server] - 2024-12-13T16:21:21.450Z - Done responding to the client handleHashGlob
[NX Daemon Server] - 2024-12-13T16:21:21.450Z - Handled HASH_GLOB. Handling time: 0. Response time: 0.
[NX Daemon Server] - 2024-12-13T16:21:21.451Z - [REQUEST]: Responding to the client. handleHashGlob
[NX Daemon Server] - 2024-12-13T16:21:21.451Z - Done responding to the client handleHashGlob
[NX Daemon Server] - 2024-12-13T16:21:21.451Z - Handled HASH_GLOB. Handling time: 1. Response time: 0.
[NX Daemon Server] - 2024-12-13T16:21:21.451Z - [REQUEST]: Responding to the client. handleHashGlob
[NX Daemon Server] - 2024-12-13T16:21:21.451Z - Done responding to the client handleHashGlob
[NX Daemon Server] - 2024-12-13T16:21:21.451Z - Handled HASH_GLOB. Handling time: 0. Response time: 0.
[NX Daemon Server] - 2024-12-13T16:21:21.452Z - [REQUEST]: Responding to the client. handleHashGlob
[NX Daemon Server] - 2024-12-13T16:21:21.452Z - Done responding to the client handleHashGlob
[NX Daemon Server] - 2024-12-13T16:21:21.452Z - Handled HASH_GLOB. Handling time: 0. Response time: 0.
[NX Daemon Server] - 2024-12-13T16:21:21.464Z - Time taken for 'build-project-configs' 32.11183300008997ms
[NX Daemon Server] - 2024-12-13T16:21:21.468Z - Time taken for '@nx-dotnet/core:createDependencies' 6.704832999967039ms
[NX Daemon Server] - 2024-12-13T16:21:21.468Z - Time taken for '@nx/storybook/plugin:createDependencies' 8.338417000020854ms
[NX Daemon Server] - 2024-12-13T16:21:21.494Z - [SYNC]: collect registered sync generators
[NX Daemon Server] - 2024-12-13T16:21:21.495Z - [SYNC]: project graph hash is the same, not collecting task sync generators
[NX Daemon Server] - 2024-12-13T16:21:21.495Z - [SYNC]: nx.json hash is the same, not collecting global sync generators
[NX Daemon Server] - 2024-12-13T16:21:21.495Z - Time taken for 'total execution time for createProjectGraph()' 30.94262499990873ms
[NX Daemon Server] - 2024-12-13T16:21:53.622Z - [WATCHER]: Processing file changes in outputs
[NX Daemon Server] - 2024-12-13T16:28:47.199Z - [WATCHER]: types/mui/index.d.ts was created or restored
[NX Daemon Server] - 2024-12-13T16:28:47.199Z - [WATCHER]: Processing file changes in outputs
[NX Daemon Server] - 2024-12-13T16:28:47.299Z - [REQUEST]: Updated workspace context based on watched changes, recomputing project graph...
[NX Daemon Server] - 2024-12-13T16:28:47.299Z - [REQUEST]: types/mui/index.d.ts
[NX Daemon Server] - 2024-12-13T16:28:47.299Z - [REQUEST]: 
[NX Daemon Server] - 2024-12-13T16:28:47.305Z - [REQUEST]: Responding to the client. handleGlob
[NX Daemon Server] - 2024-12-13T16:28:47.305Z - Done responding to the client handleGlob
[NX Daemon Server] - 2024-12-13T16:28:47.305Z - Handled GLOB. Handling time: 0. Response time: 0.
[NX Daemon Server] - 2024-12-13T16:28:47.306Z - [REQUEST]: Responding to the client. handleHashGlob
[NX Daemon Server] - 2024-12-13T16:28:47.306Z - Done responding to the client handleHashGlob
[NX Daemon Server] - 2024-12-13T16:28:47.306Z - Handled HASH_GLOB. Handling time: 1. Response time: 0.
[NX Daemon Server] - 2024-12-13T16:28:47.306Z - [REQUEST]: Responding to the client. handleHashGlob
[NX Daemon Server] - 2024-12-13T16:28:47.306Z - Done responding to the client handleHashGlob
[NX Daemon Server] - 2024-12-13T16:28:47.306Z - Handled HASH_GLOB. Handling time: 0. Response time: 0.
[NX Daemon Server] - 2024-12-13T16:28:47.307Z - [REQUEST]: Responding to the client. handleHashGlob
[NX Daemon Server] - 2024-12-13T16:28:47.307Z - Done responding to the client handleHashGlob
[NX Daemon Server] - 2024-12-13T16:28:47.307Z - Handled HASH_GLOB. Handling time: 1. Response time: 0.
[NX Daemon Server] - 2024-12-13T16:28:47.307Z - [REQUEST]: Responding to the client. handleHashGlob
[NX Daemon Server] - 2024-12-13T16:28:47.307Z - Done responding to the client handleHashGlob
[NX Daemon Server] - 2024-12-13T16:28:47.307Z - Handled HASH_GLOB. Handling time: 0. Response time: 0.
[NX Daemon Server] - 2024-12-13T16:28:47.307Z - Time taken for 'hash changed files from watcher' 0.10704100015573204ms
[NX Daemon Server] - 2024-12-13T16:28:47.308Z - [REQUEST]: Responding to the client. handleHashGlob
[NX Daemon Server] - 2024-12-13T16:28:47.308Z - Done responding to the client handleHashGlob
[NX Daemon Server] - 2024-12-13T16:28:47.308Z - Handled HASH_GLOB. Handling time: 0. Response time: 0.
[NX Daemon Server] - 2024-12-13T16:28:47.308Z - [REQUEST]: Responding to the client. handleHashGlob
[NX Daemon Server] - 2024-12-13T16:28:47.308Z - Done responding to the client handleHashGlob
[NX Daemon Server] - 2024-12-13T16:28:47.308Z - Handled HASH_GLOB. Handling time: 0. Response time: 0.
[NX Daemon Server] - 2024-12-13T16:28:47.309Z - [REQUEST]: Responding to the client. handleHashGlob
[NX Daemon Server] - 2024-12-13T16:28:47.309Z - Done responding to the client handleHashGlob
[NX Daemon Server] - 2024-12-13T16:28:47.309Z - Handled HASH_GLOB. Handling time: 0. Response time: 0.
[NX Daemon Server] - 2024-12-13T16:28:47.310Z - [REQUEST]: Responding to the client. handleHashGlob
[NX Daemon Server] - 2024-12-13T16:28:47.310Z - Done responding to the client handleHashGlob
[NX Daemon Server] - 2024-12-13T16:28:47.310Z - Handled HASH_GLOB. Handling time: 0. Response time: 0.
[NX Daemon Server] - 2024-12-13T16:28:47.313Z - [REQUEST]: Responding to the client. handleHashGlob
[NX Daemon Server] - 2024-12-13T16:28:47.313Z - Done responding to the client handleHashGlob
[NX Daemon Server] - 2024-12-13T16:28:47.313Z - Handled HASH_GLOB. Handling time: 0. Response time: 0.
[NX Daemon Server] - 2024-12-13T16:28:47.314Z - [REQUEST]: Responding to the client. handleHashGlob
[NX Daemon Server] - 2024-12-13T16:28:47.314Z - Done responding to the client handleHashGlob
[NX Daemon Server] - 2024-12-13T16:28:47.314Z - Handled HASH_GLOB. Handling time: 0. Response time: 0.
[NX Daemon Server] - 2024-12-13T16:28:47.315Z - [REQUEST]: Responding to the client. handleHashGlob
[NX Daemon Server] - 2024-12-13T16:28:47.315Z - Done responding to the client handleHashGlob
[NX Daemon Server] - 2024-12-13T16:28:47.315Z - Handled HASH_GLOB. Handling time: 1. Response time: 0.
[NX Daemon Server] - 2024-12-13T16:28:47.320Z - Time taken for 'build-project-configs' 16.56820800015703ms
[NX Daemon Server] - 2024-12-13T16:28:47.323Z - Time taken for '@nx-dotnet/core:createDependencies' 4.755709000164643ms
[NX Daemon Server] - 2024-12-13T16:28:47.323Z - Time taken for '@nx/storybook/plugin:createDependencies' 6.149166000075638ms
[NX Daemon Server] - 2024-12-13T16:28:47.339Z - [SYNC]: collect registered sync generators
[NX Daemon Server] - 2024-12-13T16:28:47.340Z - [SYNC]: project graph hash is the same, not collecting task sync generators
[NX Daemon Server] - 2024-12-13T16:28:47.340Z - [SYNC]: nx.json hash is the same, not collecting global sync generators
[NX Daemon Server] - 2024-12-13T16:28:47.340Z - Time taken for 'total execution time for createProjectGraph()' 17.34291599993594ms
[NX Daemon Server] - 2024-12-13T16:28:55.372Z - [WATCHER]: types/types.d.ts was modified
[NX Daemon Server] - 2024-12-13T16:28:55.372Z - [WATCHER]: Processing file changes in outputs
[NX Daemon Server] - 2024-12-13T16:28:55.573Z - [REQUEST]: Updated workspace context based on watched changes, recomputing project graph...
[NX Daemon Server] - 2024-12-13T16:28:55.573Z - [REQUEST]: types/types.d.ts
[NX Daemon Server] - 2024-12-13T16:28:55.573Z - [REQUEST]: 
[NX Daemon Server] - 2024-12-13T16:28:55.580Z - [REQUEST]: Responding to the client. handleHashGlob
[NX Daemon Server] - 2024-12-13T16:28:55.580Z - Done responding to the client handleHashGlob
[NX Daemon Server] - 2024-12-13T16:28:55.580Z - Handled HASH_GLOB. Handling time: 0. Response time: 0.
[NX Daemon Server] - 2024-12-13T16:28:55.581Z - [REQUEST]: Responding to the client. handleGlob
[NX Daemon Server] - 2024-12-13T16:28:55.581Z - Done responding to the client handleGlob
[NX Daemon Server] - 2024-12-13T16:28:55.581Z - Handled GLOB. Handling time: 1. Response time: 0.
[NX Daemon Server] - 2024-12-13T16:28:55.581Z - [REQUEST]: Responding to the client. handleHashGlob
[NX Daemon Server] - 2024-12-13T16:28:55.582Z - Done responding to the client handleHashGlob
[NX Daemon Server] - 2024-12-13T16:28:55.582Z - Handled HASH_GLOB. Handling time: 0. Response time: 1.
[NX Daemon Server] - 2024-12-13T16:28:55.582Z - [REQUEST]: Responding to the client. handleHashGlob
[NX Daemon Server] - 2024-12-13T16:28:55.582Z - Done responding to the client handleHashGlob
[NX Daemon Server] - 2024-12-13T16:28:55.582Z - Handled HASH_GLOB. Handling time: 0. Response time: 0.
[NX Daemon Server] - 2024-12-13T16:28:55.583Z - [REQUEST]: Responding to the client. handleHashGlob
[NX Daemon Server] - 2024-12-13T16:28:55.583Z - Done responding to the client handleHashGlob
[NX Daemon Server] - 2024-12-13T16:28:55.583Z - Handled HASH_GLOB. Handling time: 0. Response time: 0.
[NX Daemon Server] - 2024-12-13T16:28:55.583Z - Time taken for 'hash changed files from watcher' 0.11499999999068677ms
[NX Daemon Server] - 2024-12-13T16:28:55.584Z - [REQUEST]: Responding to the client. handleHashGlob
[NX Daemon Server] - 2024-12-13T16:28:55.584Z - Done responding to the client handleHashGlob
[NX Daemon Server] - 2024-12-13T16:28:55.584Z - Handled HASH_GLOB. Handling time: 1. Response time: 0.
[NX Daemon Server] - 2024-12-13T16:28:55.585Z - [REQUEST]: Responding to the client. handleHashGlob
[NX Daemon Server] - 2024-12-13T16:28:55.585Z - Done responding to the client handleHashGlob
[NX Daemon Server] - 2024-12-13T16:28:55.585Z - Handled HASH_GLOB. Handling time: 1. Response time: 0.
[NX Daemon Server] - 2024-12-13T16:28:55.586Z - [REQUEST]: Responding to the client. handleHashGlob
[NX Daemon Server] - 2024-12-13T16:28:55.586Z - Done responding to the client handleHashGlob
[NX Daemon Server] - 2024-12-13T16:28:55.586Z - Handled HASH_GLOB. Handling time: 1. Response time: 0.
[NX Daemon Server] - 2024-12-13T16:28:55.587Z - [REQUEST]: Responding to the client. handleHashGlob
[NX Daemon Server] - 2024-12-13T16:28:55.587Z - Done responding to the client handleHashGlob
[NX Daemon Server] - 2024-12-13T16:28:55.587Z - Handled HASH_GLOB. Handling time: 1. Response time: 0.
[NX Daemon Server] - 2024-12-13T16:28:55.590Z - [REQUEST]: Responding to the client. handleHashGlob
[NX Daemon Server] - 2024-12-13T16:28:55.590Z - Done responding to the client handleHashGlob
[NX Daemon Server] - 2024-12-13T16:28:55.590Z - Handled HASH_GLOB. Handling time: 0. Response time: 0.
[NX Daemon Server] - 2024-12-13T16:28:55.591Z - [REQUEST]: Responding to the client. handleHashGlob
[NX Daemon Server] - 2024-12-13T16:28:55.591Z - Done responding to the client handleHashGlob
[NX Daemon Server] - 2024-12-13T16:28:55.591Z - Handled HASH_GLOB. Handling time: 1. Response time: 0.
[NX Daemon Server] - 2024-12-13T16:28:55.592Z - [REQUEST]: Responding to the client. handleHashGlob
[NX Daemon Server] - 2024-12-13T16:28:55.592Z - Done responding to the client handleHashGlob
[NX Daemon Server] - 2024-12-13T16:28:55.592Z - Handled HASH_GLOB. Handling time: 1. Response time: 0.
[NX Daemon Server] - 2024-12-13T16:28:55.598Z - Time taken for 'build-project-configs' 19.74691699980758ms
[NX Daemon Server] - 2024-12-13T16:28:55.604Z - Time taken for '@nx/storybook/plugin:createDependencies' 8.516583999851719ms
[NX Daemon Server] - 2024-12-13T16:28:55.630Z - [SYNC]: collect registered sync generators
[NX Daemon Server] - 2024-12-13T16:28:55.630Z - [SYNC]: project graph hash is the same, not collecting task sync generators
[NX Daemon Server] - 2024-12-13T16:28:55.630Z - [SYNC]: nx.json hash is the same, not collecting global sync generators
[NX Daemon Server] - 2024-12-13T16:28:55.630Z - Time taken for 'total execution time for createProjectGraph()' 29.510917000006884ms
[NX Daemon Server] - 2024-12-13T16:28:59.521Z - [WATCHER]: types/mui/index.d.ts was modified
[NX Daemon Server] - 2024-12-13T16:28:59.522Z - [WATCHER]: Processing file changes in outputs
[NX Daemon Server] - 2024-12-13T16:28:59.922Z - [REQUEST]: Updated workspace context based on watched changes, recomputing project graph...
[NX Daemon Server] - 2024-12-13T16:28:59.923Z - [REQUEST]: types/mui/index.d.ts
[NX Daemon Server] - 2024-12-13T16:28:59.923Z - [REQUEST]: 
[NX Daemon Server] - 2024-12-13T16:28:59.929Z - [REQUEST]: Responding to the client. handleHashGlob
[NX Daemon Server] - 2024-12-13T16:28:59.929Z - Done responding to the client handleHashGlob
[NX Daemon Server] - 2024-12-13T16:28:59.929Z - Handled HASH_GLOB. Handling time: 1. Response time: 0.
[NX Daemon Server] - 2024-12-13T16:28:59.929Z - [REQUEST]: Responding to the client. handleGlob
[NX Daemon Server] - 2024-12-13T16:28:59.929Z - Done responding to the client handleGlob
[NX Daemon Server] - 2024-12-13T16:28:59.929Z - Handled GLOB. Handling time: 0. Response time: 0.
[NX Daemon Server] - 2024-12-13T16:28:59.930Z - [REQUEST]: Responding to the client. handleHashGlob
[NX Daemon Server] - 2024-12-13T16:28:59.930Z - Done responding to the client handleHashGlob
[NX Daemon Server] - 2024-12-13T16:28:59.930Z - Handled HASH_GLOB. Handling time: 0. Response time: 0.
[NX Daemon Server] - 2024-12-13T16:28:59.931Z - [REQUEST]: Responding to the client. handleHashGlob
[NX Daemon Server] - 2024-12-13T16:28:59.931Z - Done responding to the client handleHashGlob
[NX Daemon Server] - 2024-12-13T16:28:59.931Z - Handled HASH_GLOB. Handling time: 1. Response time: 0.
[NX Daemon Server] - 2024-12-13T16:28:59.932Z - [REQUEST]: Responding to the client. handleHashGlob
[NX Daemon Server] - 2024-12-13T16:28:59.932Z - Done responding to the client handleHashGlob
[NX Daemon Server] - 2024-12-13T16:28:59.932Z - Handled HASH_GLOB. Handling time: 1. Response time: 0.
[NX Daemon Server] - 2024-12-13T16:28:59.932Z - Time taken for 'hash changed files from watcher' 0.11549999983981252ms
[NX Daemon Server] - 2024-12-13T16:28:59.932Z - [REQUEST]: Responding to the client. handleHashGlob
[NX Daemon Server] - 2024-12-13T16:28:59.932Z - Done responding to the client handleHashGlob
[NX Daemon Server] - 2024-12-13T16:28:59.932Z - Handled HASH_GLOB. Handling time: 0. Response time: 0.
[NX Daemon Server] - 2024-12-13T16:28:59.933Z - [REQUEST]: Responding to the client. handleHashGlob
[NX Daemon Server] - 2024-12-13T16:28:59.933Z - Done responding to the client handleHashGlob
[NX Daemon Server] - 2024-12-13T16:28:59.933Z - Handled HASH_GLOB. Handling time: 0. Response time: 0.
[NX Daemon Server] - 2024-12-13T16:28:59.934Z - [REQUEST]: Responding to the client. handleHashGlob
[NX Daemon Server] - 2024-12-13T16:28:59.934Z - Done responding to the client handleHashGlob
[NX Daemon Server] - 2024-12-13T16:28:59.934Z - Handled HASH_GLOB. Handling time: 1. Response time: 0.
[NX Daemon Server] - 2024-12-13T16:28:59.934Z - [REQUEST]: Responding to the client. handleHashGlob
[NX Daemon Server] - 2024-12-13T16:28:59.934Z - Done responding to the client handleHashGlob
[NX Daemon Server] - 2024-12-13T16:28:59.934Z - Handled HASH_GLOB. Handling time: 0. Response time: 0.
[NX Daemon Server] - 2024-12-13T16:28:59.939Z - [REQUEST]: Responding to the client. handleHashGlob
[NX Daemon Server] - 2024-12-13T16:28:59.939Z - Done responding to the client handleHashGlob
[NX Daemon Server] - 2024-12-13T16:28:59.939Z - Handled HASH_GLOB. Handling time: 1. Response time: 0.
[NX Daemon Server] - 2024-12-13T16:28:59.940Z - [REQUEST]: Responding to the client. handleHashGlob
[NX Daemon Server] - 2024-12-13T16:28:59.940Z - Done responding to the client handleHashGlob
[NX Daemon Server] - 2024-12-13T16:28:59.940Z - Handled HASH_GLOB. Handling time: 1. Response time: 0.
[NX Daemon Server] - 2024-12-13T16:28:59.941Z - [REQUEST]: Responding to the client. handleHashGlob
[NX Daemon Server] - 2024-12-13T16:28:59.941Z - Done responding to the client handleHashGlob
[NX Daemon Server] - 2024-12-13T16:28:59.941Z - Handled HASH_GLOB. Handling time: 0. Response time: 0.
[NX Daemon Server] - 2024-12-13T16:28:59.948Z - Time taken for 'build-project-configs' 20.045541999861598ms
[NX Daemon Server] - 2024-12-13T16:28:59.953Z - Time taken for '@nx-dotnet/core:createDependencies' 7.348041999852285ms
[NX Daemon Server] - 2024-12-13T16:28:59.953Z - Time taken for '@nx/storybook/plugin:createDependencies' 8.966875000158325ms
[NX Daemon Server] - 2024-12-13T16:28:59.969Z - [SYNC]: collect registered sync generators
[NX Daemon Server] - 2024-12-13T16:28:59.969Z - [SYNC]: project graph hash is the same, not collecting task sync generators
[NX Daemon Server] - 2024-12-13T16:28:59.969Z - [SYNC]: nx.json hash is the same, not collecting global sync generators
[NX Daemon Server] - 2024-12-13T16:28:59.969Z - Time taken for 'total execution time for createProjectGraph()' 20.623124999925494ms
[NX Daemon Server] - 2024-12-13T16:29:24.880Z - Closed a connection. Number of open connections: 5
[NX Daemon Server] - 2024-12-13T16:29:24.982Z - [WATCHER]: Processing file changes in outputs
[NX Daemon Server] - 2024-12-13T16:29:26.797Z - Established a connection. Number of open connections: 6
[NX Daemon Server] - 2024-12-13T16:29:26.797Z - Closed a connection. Number of open connections: 5
[NX Daemon Server] - 2024-12-13T16:29:26.797Z - Established a connection. Number of open connections: 6
[NX Daemon Server] - 2024-12-13T16:29:26.798Z - [REQUEST]: Client Request for Project Graph Received
[NX Daemon Server] - 2024-12-13T16:29:26.798Z - [REQUEST]: Responding to the client. project-graph
[NX Daemon Server] - 2024-12-13T16:29:26.798Z - Time taken for 'total for creating and serializing project graph' 0.1777919998858124ms
[NX Daemon Server] - 2024-12-13T16:29:26.800Z - Done responding to the client project-graph
[NX Daemon Server] - 2024-12-13T16:29:26.800Z - Handled REQUEST_PROJECT_GRAPH. Handling time: 0. Response time: 2.
[NX Daemon Server] - 2024-12-13T16:29:26.804Z - [REQUEST]: Responding to the client. handleContextFileData
[NX Daemon Server] - 2024-12-13T16:29:26.804Z - Done responding to the client handleContextFileData
[NX Daemon Server] - 2024-12-13T16:29:26.804Z - Handled GET_CONTEXT_FILE_DATA. Handling time: 0. Response time: 0.
[NX Daemon Server] - 2024-12-13T16:29:26.805Z - Closed a connection. Number of open connections: 5
[NX Daemon Server] - 2024-12-13T16:29:27.008Z - Established a connection. Number of open connections: 6
[NX Daemon Server] - 2024-12-13T16:29:27.008Z - Established a connection. Number of open connections: 7
[NX Daemon Server] - 2024-12-13T16:29:27.008Z - Closed a connection. Number of open connections: 6
[NX Daemon Server] - 2024-12-13T16:29:27.009Z - [REQUEST]: Client Request for Project Graph Received
[NX Daemon Server] - 2024-12-13T16:29:27.009Z - [REQUEST]: Responding to the client. project-graph
[NX Daemon Server] - 2024-12-13T16:29:27.009Z - Time taken for 'total for creating and serializing project graph' 0.13779100007377565ms
[NX Daemon Server] - 2024-12-13T16:29:27.013Z - Done responding to the client project-graph
[NX Daemon Server] - 2024-12-13T16:29:27.013Z - Handled REQUEST_PROJECT_GRAPH. Handling time: 0. Response time: 4.
[NX Daemon Server] - 2024-12-13T16:29:27.018Z - [REQUEST]: Client Request for Project Graph Received
[NX Daemon Server] - 2024-12-13T16:29:27.018Z - [REQUEST]: Responding to the client. project-graph
[NX Daemon Server] - 2024-12-13T16:29:27.019Z - Time taken for 'total for creating and serializing project graph' 0.1628749999217689ms
[NX Daemon Server] - 2024-12-13T16:29:27.021Z - Done responding to the client project-graph
[NX Daemon Server] - 2024-12-13T16:29:27.021Z - Handled REQUEST_PROJECT_GRAPH. Handling time: 0. Response time: 3.
[NX Daemon Server] - 2024-12-13T16:29:27.025Z - Established a connection. Number of open connections: 7
[NX Daemon Server] - 2024-12-13T16:30:23.978Z - [WATCHER]: types/mui was deleted
[NX Daemon Server] - 2024-12-13T16:30:23.979Z - [REQUEST]: Responding to the client. File watch changed
[NX Daemon Server] - 2024-12-13T16:30:23.979Z - Done responding to the client File watch changed
[NX Daemon Server] - 2024-12-13T16:30:23.979Z - Handled FILE-WATCH-CHANGED. Handling time: 0. Response time: 0.
[NX Daemon Server] - 2024-12-13T16:30:23.979Z - [WATCHER]: Processing file changes in outputs
[NX Daemon Server] - 2024-12-13T16:30:23.979Z - Time taken for 'changed-projects' 0.17870799987576902ms
[NX Daemon Server] - 2024-12-13T16:30:24.079Z - [REQUEST]: Updated workspace context based on watched changes, recomputing project graph...
[NX Daemon Server] - 2024-12-13T16:30:24.079Z - [REQUEST]: 
[NX Daemon Server] - 2024-12-13T16:30:24.079Z - [REQUEST]: types/mui
[NX Daemon Server] - 2024-12-13T16:30:24.089Z - [REQUEST]: Responding to the client. handleHashGlob
[NX Daemon Server] - 2024-12-13T16:30:24.089Z - Done responding to the client handleHashGlob
[NX Daemon Server] - 2024-12-13T16:30:24.089Z - Handled HASH_GLOB. Handling time: 0. Response time: 0.
[NX Daemon Server] - 2024-12-13T16:30:24.090Z - [REQUEST]: Responding to the client. handleGlob
[NX Daemon Server] - 2024-12-13T16:30:24.090Z - Done responding to the client handleGlob
[NX Daemon Server] - 2024-12-13T16:30:24.090Z - Handled GLOB. Handling time: 0. Response time: 0.
[NX Daemon Server] - 2024-12-13T16:30:24.091Z - [REQUEST]: Responding to the client. handleHashGlob
[NX Daemon Server] - 2024-12-13T16:30:24.091Z - Done responding to the client handleHashGlob
[NX Daemon Server] - 2024-12-13T16:30:24.091Z - Handled HASH_GLOB. Handling time: 1. Response time: 0.
[NX Daemon Server] - 2024-12-13T16:30:24.091Z - [REQUEST]: Responding to the client. handleHashGlob
[NX Daemon Server] - 2024-12-13T16:30:24.091Z - Done responding to the client handleHashGlob
[NX Daemon Server] - 2024-12-13T16:30:24.091Z - Handled HASH_GLOB. Handling time: 0. Response time: 0.
[NX Daemon Server] - 2024-12-13T16:30:24.092Z - [REQUEST]: Responding to the client. handleHashGlob
[NX Daemon Server] - 2024-12-13T16:30:24.092Z - Done responding to the client handleHashGlob
[NX Daemon Server] - 2024-12-13T16:30:24.092Z - Handled HASH_GLOB. Handling time: 1. Response time: 0.
[NX Daemon Server] - 2024-12-13T16:30:24.092Z - Time taken for 'hash changed files from watcher' 0.09279100014828146ms
[NX Daemon Server] - 2024-12-13T16:30:24.093Z - [REQUEST]: Responding to the client. handleHashGlob
[NX Daemon Server] - 2024-12-13T16:30:24.093Z - Done responding to the client handleHashGlob
[NX Daemon Server] - 2024-12-13T16:30:24.093Z - Handled HASH_GLOB. Handling time: 1. Response time: 0.
[NX Daemon Server] - 2024-12-13T16:30:24.093Z - [REQUEST]: Responding to the client. handleHashGlob
[NX Daemon Server] - 2024-12-13T16:30:24.093Z - Done responding to the client handleHashGlob
[NX Daemon Server] - 2024-12-13T16:30:24.093Z - Handled HASH_GLOB. Handling time: 0. Response time: 0.
[NX Daemon Server] - 2024-12-13T16:30:24.094Z - [REQUEST]: Responding to the client. handleHashGlob
[NX Daemon Server] - 2024-12-13T16:30:24.094Z - Done responding to the client handleHashGlob
[NX Daemon Server] - 2024-12-13T16:30:24.094Z - Handled HASH_GLOB. Handling time: 0. Response time: 0.
[NX Daemon Server] - 2024-12-13T16:30:24.095Z - [REQUEST]: Responding to the client. handleHashGlob
[NX Daemon Server] - 2024-12-13T16:30:24.095Z - Done responding to the client handleHashGlob
[NX Daemon Server] - 2024-12-13T16:30:24.095Z - Handled HASH_GLOB. Handling time: 1. Response time: 0.
[NX Daemon Server] - 2024-12-13T16:30:24.097Z - [REQUEST]: Responding to the client. handleHashGlob
[NX Daemon Server] - 2024-12-13T16:30:24.097Z - Done responding to the client handleHashGlob
[NX Daemon Server] - 2024-12-13T16:30:24.097Z - Handled HASH_GLOB. Handling time: 0. Response time: 0.
[NX Daemon Server] - 2024-12-13T16:30:24.098Z - [REQUEST]: Responding to the client. handleHashGlob
[NX Daemon Server] - 2024-12-13T16:30:24.098Z - Done responding to the client handleHashGlob
[NX Daemon Server] - 2024-12-13T16:30:24.098Z - Handled HASH_GLOB. Handling time: 0. Response time: 0.
[NX Daemon Server] - 2024-12-13T16:30:24.099Z - [REQUEST]: Responding to the client. handleHashGlob
[NX Daemon Server] - 2024-12-13T16:30:24.099Z - Done responding to the client handleHashGlob
[NX Daemon Server] - 2024-12-13T16:30:24.099Z - Handled HASH_GLOB. Handling time: 1. Response time: 0.
[NX Daemon Server] - 2024-12-13T16:30:24.105Z - Time taken for 'build-project-configs' 20.960250000003725ms
[NX Daemon Server] - 2024-12-13T16:30:24.108Z - Time taken for '@nx-dotnet/core:createDependencies' 5.155125000048429ms
[NX Daemon Server] - 2024-12-13T16:30:24.108Z - Time taken for '@nx/storybook/plugin:createDependencies' 6.253541999962181ms
[NX Daemon Server] - 2024-12-13T16:30:24.127Z - [SYNC]: collect registered sync generators
[NX Daemon Server] - 2024-12-13T16:30:24.127Z - [SYNC]: project graph hash is the same, not collecting task sync generators
[NX Daemon Server] - 2024-12-13T16:30:24.127Z - [SYNC]: nx.json hash is the same, not collecting global sync generators
[NX Daemon Server] - 2024-12-13T16:30:24.127Z - Time taken for 'total execution time for createProjectGraph()' 21.27099999994971ms
[NX Daemon Server] - 2024-12-13T16:30:24.982Z - [REQUEST]: Client Request for Project Graph Received
[NX Daemon Server] - 2024-12-13T16:30:24.982Z - [REQUEST]: Responding to the client. project-graph
[NX Daemon Server] - 2024-12-13T16:30:24.983Z - Time taken for 'total for creating and serializing project graph' 0.14904099982231855ms
[NX Daemon Server] - 2024-12-13T16:30:24.984Z - Done responding to the client project-graph
[NX Daemon Server] - 2024-12-13T16:30:24.984Z - Handled REQUEST_PROJECT_GRAPH. Handling time: 0. Response time: 2.
[NX Daemon Server] - 2024-12-13T16:30:24.988Z - [REQUEST]: Responding to the client. handleContextFileData
[NX Daemon Server] - 2024-12-13T16:30:24.988Z - Done responding to the client handleContextFileData
[NX Daemon Server] - 2024-12-13T16:30:24.988Z - Handled GET_CONTEXT_FILE_DATA. Handling time: 0. Response time: 0.
[NX Daemon Server] - 2024-12-13T16:30:24.989Z - Closed a connection. Number of open connections: 6
[NX Daemon Server] - 2024-12-13T16:30:25.036Z - Closed a connection. Number of open connections: 5
[NX Daemon Server] - 2024-12-13T16:30:25.038Z - Established a connection. Number of open connections: 6
[NX Daemon Server] - 2024-12-13T16:30:25.039Z - Established a connection. Number of open connections: 7
[NX Daemon Server] - 2024-12-13T16:30:25.039Z - Closed a connection. Number of open connections: 6
[NX Daemon Server] - 2024-12-13T16:30:25.039Z - [REQUEST]: Client Request for Project Graph Received
[NX Daemon Server] - 2024-12-13T16:30:25.039Z - [REQUEST]: Responding to the client. project-graph
[NX Daemon Server] - 2024-12-13T16:30:25.040Z - Time taken for 'total for creating and serializing project graph' 0.15004199999384582ms
[NX Daemon Server] - 2024-12-13T16:30:25.041Z - Done responding to the client project-graph
[NX Daemon Server] - 2024-12-13T16:30:25.041Z - Handled REQUEST_PROJECT_GRAPH. Handling time: 0. Response time: 2.
[NX Daemon Server] - 2024-12-13T16:30:25.044Z - [REQUEST]: Client Request for Project Graph Received
[NX Daemon Server] - 2024-12-13T16:30:25.044Z - [REQUEST]: Responding to the client. project-graph
[NX Daemon Server] - 2024-12-13T16:30:25.045Z - Time taken for 'total for creating and serializing project graph' 0.1350420000962913ms
[NX Daemon Server] - 2024-12-13T16:30:25.047Z - Done responding to the client project-graph
[NX Daemon Server] - 2024-12-13T16:30:25.047Z - Handled REQUEST_PROJECT_GRAPH. Handling time: 0. Response time: 3.
[NX Daemon Server] - 2024-12-13T16:30:25.050Z - Established a connection. Number of open connections: 7
[NX Daemon Server] - 2024-12-13T16:31:28.320Z - [WATCHER]: libs/shared-components/tsconfig.lib.json was modified
[NX Daemon Server] - 2024-12-13T16:31:28.320Z - [REQUEST]: Responding to the client. File watch changed
[NX Daemon Server] - 2024-12-13T16:31:28.320Z - Done responding to the client File watch changed
[NX Daemon Server] - 2024-12-13T16:31:28.320Z - Handled FILE-WATCH-CHANGED. Handling time: 0. Response time: 0.
[NX Daemon Server] - 2024-12-13T16:31:28.320Z - [WATCHER]: Processing file changes in outputs
[NX Daemon Server] - 2024-12-13T16:31:28.320Z - Time taken for 'changed-projects' 0.07300000009126961ms
[NX Daemon Server] - 2024-12-13T16:31:28.420Z - [REQUEST]: Updated workspace context based on watched changes, recomputing project graph...
[NX Daemon Server] - 2024-12-13T16:31:28.420Z - [REQUEST]: libs/shared-components/tsconfig.lib.json
[NX Daemon Server] - 2024-12-13T16:31:28.420Z - [REQUEST]: 
[NX Daemon Server] - 2024-12-13T16:31:28.426Z - [REQUEST]: Responding to the client. handleHashGlob
[NX Daemon Server] - 2024-12-13T16:31:28.426Z - Done responding to the client handleHashGlob
[NX Daemon Server] - 2024-12-13T16:31:28.426Z - Handled HASH_GLOB. Handling time: 0. Response time: 0.
[NX Daemon Server] - 2024-12-13T16:31:28.427Z - [REQUEST]: Responding to the client. handleGlob
[NX Daemon Server] - 2024-12-13T16:31:28.427Z - Done responding to the client handleGlob
[NX Daemon Server] - 2024-12-13T16:31:28.427Z - Handled GLOB. Handling time: 0. Response time: 0.
[NX Daemon Server] - 2024-12-13T16:31:28.428Z - [REQUEST]: Responding to the client. handleHashGlob
[NX Daemon Server] - 2024-12-13T16:31:28.428Z - Done responding to the client handleHashGlob
[NX Daemon Server] - 2024-12-13T16:31:28.428Z - Handled HASH_GLOB. Handling time: 1. Response time: 0.
[NX Daemon Server] - 2024-12-13T16:31:28.428Z - [REQUEST]: Responding to the client. handleHashGlob
[NX Daemon Server] - 2024-12-13T16:31:28.428Z - Done responding to the client handleHashGlob
[NX Daemon Server] - 2024-12-13T16:31:28.428Z - Handled HASH_GLOB. Handling time: 0. Response time: 0.
[NX Daemon Server] - 2024-12-13T16:31:28.429Z - [REQUEST]: Responding to the client. handleHashGlob
[NX Daemon Server] - 2024-12-13T16:31:28.429Z - Done responding to the client handleHashGlob
[NX Daemon Server] - 2024-12-13T16:31:28.429Z - Handled HASH_GLOB. Handling time: 0. Response time: 0.
[NX Daemon Server] - 2024-12-13T16:31:28.429Z - Time taken for 'hash changed files from watcher' 0.09970799996517599ms
[NX Daemon Server] - 2024-12-13T16:31:28.430Z - [REQUEST]: Responding to the client. handleHashGlob
[NX Daemon Server] - 2024-12-13T16:31:28.430Z - Done responding to the client handleHashGlob
[NX Daemon Server] - 2024-12-13T16:31:28.430Z - Handled HASH_GLOB. Handling time: 1. Response time: 0.
[NX Daemon Server] - 2024-12-13T16:31:28.430Z - [REQUEST]: Responding to the client. handleHashGlob
[NX Daemon Server] - 2024-12-13T16:31:28.430Z - Done responding to the client handleHashGlob
[NX Daemon Server] - 2024-12-13T16:31:28.430Z - Handled HASH_GLOB. Handling time: 0. Response time: 0.
[NX Daemon Server] - 2024-12-13T16:31:28.431Z - [REQUEST]: Responding to the client. handleHashGlob
[NX Daemon Server] - 2024-12-13T16:31:28.431Z - Done responding to the client handleHashGlob
[NX Daemon Server] - 2024-12-13T16:31:28.431Z - Handled HASH_GLOB. Handling time: 0. Response time: 0.
[NX Daemon Server] - 2024-12-13T16:31:28.431Z - [REQUEST]: Responding to the client. handleHashGlob
[NX Daemon Server] - 2024-12-13T16:31:28.431Z - Done responding to the client handleHashGlob
[NX Daemon Server] - 2024-12-13T16:31:28.431Z - Handled HASH_GLOB. Handling time: 0. Response time: 0.
[NX Daemon Server] - 2024-12-13T16:31:28.434Z - [REQUEST]: Responding to the client. handleHashGlob
[NX Daemon Server] - 2024-12-13T16:31:28.434Z - Done responding to the client handleHashGlob
[NX Daemon Server] - 2024-12-13T16:31:28.434Z - Handled HASH_GLOB. Handling time: 0. Response time: 0.
[NX Daemon Server] - 2024-12-13T16:31:28.435Z - [REQUEST]: Responding to the client. handleHashGlob
[NX Daemon Server] - 2024-12-13T16:31:28.435Z - Done responding to the client handleHashGlob
[NX Daemon Server] - 2024-12-13T16:31:28.435Z - Handled HASH_GLOB. Handling time: 0. Response time: 0.
[NX Daemon Server] - 2024-12-13T16:31:28.436Z - [REQUEST]: Responding to the client. handleHashGlob
[NX Daemon Server] - 2024-12-13T16:31:28.436Z - Done responding to the client handleHashGlob
[NX Daemon Server] - 2024-12-13T16:31:28.436Z - Handled HASH_GLOB. Handling time: 1. Response time: 0.
[NX Daemon Server] - 2024-12-13T16:31:28.445Z - Time taken for 'build-project-configs' 20.728750000009313ms
[NX Daemon Server] - 2024-12-13T16:31:28.448Z - Time taken for '@nx-dotnet/core:createDependencies' 4.786583999870345ms
[NX Daemon Server] - 2024-12-13T16:31:28.448Z - Time taken for '@nx/storybook/plugin:createDependencies' 6.386291000060737ms
[NX Daemon Server] - 2024-12-13T16:31:28.475Z - [SYNC]: collect registered sync generators
[NX Daemon Server] - 2024-12-13T16:31:28.475Z - [SYNC]: project graph hash is the same, not collecting task sync generators
[NX Daemon Server] - 2024-12-13T16:31:28.475Z - [SYNC]: nx.json hash is the same, not collecting global sync generators
[NX Daemon Server] - 2024-12-13T16:31:28.475Z - Time taken for 'total execution time for createProjectGraph()' 28.713082999922335ms
[NX Daemon Server] - 2024-12-13T16:31:29.323Z - [REQUEST]: Client Request for Project Graph Received
[NX Daemon Server] - 2024-12-13T16:31:29.323Z - [REQUEST]: Responding to the client. project-graph
[NX Daemon Server] - 2024-12-13T16:31:29.324Z - Time taken for 'total for creating and serializing project graph' 0.1983750001527369ms
[NX Daemon Server] - 2024-12-13T16:31:29.325Z - Done responding to the client project-graph
[NX Daemon Server] - 2024-12-13T16:31:29.325Z - Handled REQUEST_PROJECT_GRAPH. Handling time: 0. Response time: 2.
[NX Daemon Server] - 2024-12-13T16:31:29.329Z - [REQUEST]: Responding to the client. handleContextFileData
[NX Daemon Server] - 2024-12-13T16:31:29.329Z - Done responding to the client handleContextFileData
[NX Daemon Server] - 2024-12-13T16:31:29.329Z - Handled GET_CONTEXT_FILE_DATA. Handling time: 0. Response time: 0.
[NX Daemon Server] - 2024-12-13T16:31:29.329Z - Closed a connection. Number of open connections: 6
[NX Daemon Server] - 2024-12-13T16:31:29.371Z - Closed a connection. Number of open connections: 5
[NX Daemon Server] - 2024-12-13T16:31:29.372Z - Established a connection. Number of open connections: 6
[NX Daemon Server] - 2024-12-13T16:31:29.372Z - Closed a connection. Number of open connections: 5
[NX Daemon Server] - 2024-12-13T16:31:29.372Z - Established a connection. Number of open connections: 6
[NX Daemon Server] - 2024-12-13T16:31:29.373Z - [REQUEST]: Client Request for Project Graph Received
[NX Daemon Server] - 2024-12-13T16:31:29.373Z - [REQUEST]: Responding to the client. project-graph
[NX Daemon Server] - 2024-12-13T16:31:29.373Z - Time taken for 'total for creating and serializing project graph' 0.17537500010803342ms
[NX Daemon Server] - 2024-12-13T16:31:29.377Z - Done responding to the client project-graph
[NX Daemon Server] - 2024-12-13T16:31:29.377Z - Handled REQUEST_PROJECT_GRAPH. Handling time: 0. Response time: 4.
[NX Daemon Server] - 2024-12-13T16:31:29.380Z - [REQUEST]: Client Request for Project Graph Received
[NX Daemon Server] - 2024-12-13T16:31:29.380Z - [REQUEST]: Responding to the client. project-graph
[NX Daemon Server] - 2024-12-13T16:31:29.381Z - Time taken for 'total for creating and serializing project graph' 0.14224999980069697ms
[NX Daemon Server] - 2024-12-13T16:31:29.382Z - Done responding to the client project-graph
[NX Daemon Server] - 2024-12-13T16:31:29.382Z - Handled REQUEST_PROJECT_GRAPH. Handling time: 0. Response time: 2.
[NX Daemon Server] - 2024-12-13T16:31:29.386Z - Established a connection. Number of open connections: 7
[NX Daemon Server] - 2024-12-13T16:31:55.163Z - [WATCHER]: Processing file changes in outputs
[NX Daemon Server] - 2024-12-13T16:31:55.163Z - [WATCHER]: libs/shared-components/tsconfig.lib.json was modified
[NX Daemon Server] - 2024-12-13T16:31:55.163Z - [REQUEST]: Responding to the client. File watch changed
[NX Daemon Server] - 2024-12-13T16:31:55.163Z - Done responding to the client File watch changed
[NX Daemon Server] - 2024-12-13T16:31:55.163Z - Handled FILE-WATCH-CHANGED. Handling time: 0. Response time: 0.
[NX Daemon Server] - 2024-12-13T16:31:55.163Z - Time taken for 'changed-projects' 0.041332999942824244ms
[NX Daemon Server] - 2024-12-13T16:31:55.264Z - [REQUEST]: Updated workspace context based on watched changes, recomputing project graph...
[NX Daemon Server] - 2024-12-13T16:31:55.264Z - [REQUEST]: libs/shared-components/tsconfig.lib.json
[NX Daemon Server] - 2024-12-13T16:31:55.264Z - [REQUEST]: 
[NX Daemon Server] - 2024-12-13T16:31:55.272Z - [REQUEST]: Responding to the client. handleHashGlob
[NX Daemon Server] - 2024-12-13T16:31:55.272Z - Done responding to the client handleHashGlob
[NX Daemon Server] - 2024-12-13T16:31:55.272Z - Handled HASH_GLOB. Handling time: 0. Response time: 0.
[NX Daemon Server] - 2024-12-13T16:31:55.273Z - [REQUEST]: Responding to the client. handleGlob
[NX Daemon Server] - 2024-12-13T16:31:55.273Z - Done responding to the client handleGlob
[NX Daemon Server] - 2024-12-13T16:31:55.273Z - Handled GLOB. Handling time: 0. Response time: 0.
[NX Daemon Server] - 2024-12-13T16:31:55.274Z - [REQUEST]: Responding to the client. handleHashGlob
[NX Daemon Server] - 2024-12-13T16:31:55.274Z - Done responding to the client handleHashGlob
[NX Daemon Server] - 2024-12-13T16:31:55.274Z - Handled HASH_GLOB. Handling time: 0. Response time: 0.
[NX Daemon Server] - 2024-12-13T16:31:55.275Z - [REQUEST]: Responding to the client. handleHashGlob
[NX Daemon Server] - 2024-12-13T16:31:55.275Z - Done responding to the client handleHashGlob
[NX Daemon Server] - 2024-12-13T16:31:55.275Z - Handled HASH_GLOB. Handling time: 1. Response time: 0.
[NX Daemon Server] - 2024-12-13T16:31:55.275Z - [REQUEST]: Responding to the client. handleHashGlob
[NX Daemon Server] - 2024-12-13T16:31:55.275Z - Done responding to the client handleHashGlob
[NX Daemon Server] - 2024-12-13T16:31:55.275Z - Handled HASH_GLOB. Handling time: 0. Response time: 0.
[NX Daemon Server] - 2024-12-13T16:31:55.276Z - Time taken for 'hash changed files from watcher' 0.10375000000931323ms
[NX Daemon Server] - 2024-12-13T16:31:55.276Z - [REQUEST]: Responding to the client. handleHashGlob
[NX Daemon Server] - 2024-12-13T16:31:55.276Z - Done responding to the client handleHashGlob
[NX Daemon Server] - 2024-12-13T16:31:55.276Z - Handled HASH_GLOB. Handling time: 0. Response time: 0.
[NX Daemon Server] - 2024-12-13T16:31:55.277Z - [REQUEST]: Responding to the client. handleHashGlob
[NX Daemon Server] - 2024-12-13T16:31:55.277Z - Done responding to the client handleHashGlob
[NX Daemon Server] - 2024-12-13T16:31:55.277Z - Handled HASH_GLOB. Handling time: 1. Response time: 0.
[NX Daemon Server] - 2024-12-13T16:31:55.277Z - [REQUEST]: Responding to the client. handleHashGlob
[NX Daemon Server] - 2024-12-13T16:31:55.277Z - Done responding to the client handleHashGlob
[NX Daemon Server] - 2024-12-13T16:31:55.277Z - Handled HASH_GLOB. Handling time: 0. Response time: 0.
[NX Daemon Server] - 2024-12-13T16:31:55.278Z - [REQUEST]: Responding to the client. handleHashGlob
[NX Daemon Server] - 2024-12-13T16:31:55.278Z - Done responding to the client handleHashGlob
[NX Daemon Server] - 2024-12-13T16:31:55.278Z - Handled HASH_GLOB. Handling time: 0. Response time: 0.
[NX Daemon Server] - 2024-12-13T16:31:55.281Z - [REQUEST]: Responding to the client. handleHashGlob
[NX Daemon Server] - 2024-12-13T16:31:55.281Z - Done responding to the client handleHashGlob
[NX Daemon Server] - 2024-12-13T16:31:55.281Z - Handled HASH_GLOB. Handling time: 0. Response time: 0.
[NX Daemon Server] - 2024-12-13T16:31:55.281Z - [REQUEST]: Responding to the client. handleHashGlob
[NX Daemon Server] - 2024-12-13T16:31:55.281Z - Done responding to the client handleHashGlob
[NX Daemon Server] - 2024-12-13T16:31:55.281Z - Handled HASH_GLOB. Handling time: 0. Response time: 0.
[NX Daemon Server] - 2024-12-13T16:31:55.282Z - [REQUEST]: Responding to the client. handleHashGlob
[NX Daemon Server] - 2024-12-13T16:31:55.282Z - Done responding to the client handleHashGlob
[NX Daemon Server] - 2024-12-13T16:31:55.282Z - Handled HASH_GLOB. Handling time: 0. Response time: 0.
[NX Daemon Server] - 2024-12-13T16:31:55.292Z - Time taken for 'build-project-configs' 23.575249999994412ms
[NX Daemon Server] - 2024-12-13T16:31:55.295Z - Time taken for '@nx-dotnet/core:createDependencies' 4.89449999993667ms
[NX Daemon Server] - 2024-12-13T16:31:55.296Z - Time taken for '@nx/storybook/plugin:createDependencies' 6.256166999926791ms
[NX Daemon Server] - 2024-12-13T16:31:55.319Z - [SYNC]: collect registered sync generators
[NX Daemon Server] - 2024-12-13T16:31:55.319Z - [SYNC]: project graph hash is the same, not collecting task sync generators
[NX Daemon Server] - 2024-12-13T16:31:55.319Z - [SYNC]: nx.json hash is the same, not collecting global sync generators
[NX Daemon Server] - 2024-12-13T16:31:55.319Z - Time taken for 'total execution time for createProjectGraph()' 25.791083000134677ms
[NX Daemon Server] - 2024-12-13T16:31:56.167Z - [REQUEST]: Client Request for Project Graph Received
[NX Daemon Server] - 2024-12-13T16:31:56.167Z - [REQUEST]: Responding to the client. project-graph
[NX Daemon Server] - 2024-12-13T16:31:56.167Z - Time taken for 'total for creating and serializing project graph' 0.17416699999012053ms
[NX Daemon Server] - 2024-12-13T16:31:56.170Z - Done responding to the client project-graph
[NX Daemon Server] - 2024-12-13T16:31:56.170Z - Handled REQUEST_PROJECT_GRAPH. Handling time: 0. Response time: 3.
[NX Daemon Server] - 2024-12-13T16:31:56.174Z - [REQUEST]: Responding to the client. handleContextFileData
[NX Daemon Server] - 2024-12-13T16:31:56.174Z - Done responding to the client handleContextFileData
[NX Daemon Server] - 2024-12-13T16:31:56.174Z - Handled GET_CONTEXT_FILE_DATA. Handling time: 0. Response time: 0.
[NX Daemon Server] - 2024-12-13T16:31:56.175Z - Closed a connection. Number of open connections: 6
[NX Daemon Server] - 2024-12-13T16:31:56.233Z - Closed a connection. Number of open connections: 5
[NX Daemon Server] - 2024-12-13T16:31:56.234Z - Established a connection. Number of open connections: 6
[NX Daemon Server] - 2024-12-13T16:31:56.234Z - Established a connection. Number of open connections: 7
[NX Daemon Server] - 2024-12-13T16:31:56.234Z - Closed a connection. Number of open connections: 6
[NX Daemon Server] - 2024-12-13T16:31:56.235Z - [REQUEST]: Client Request for Project Graph Received
[NX Daemon Server] - 2024-12-13T16:31:56.235Z - [REQUEST]: Responding to the client. project-graph
[NX Daemon Server] - 2024-12-13T16:31:56.235Z - Time taken for 'total for creating and serializing project graph' 0.18437499995343387ms
[NX Daemon Server] - 2024-12-13T16:31:56.237Z - Done responding to the client project-graph
[NX Daemon Server] - 2024-12-13T16:31:56.238Z - Handled REQUEST_PROJECT_GRAPH. Handling time: 0. Response time: 3.
[NX Daemon Server] - 2024-12-13T16:31:56.241Z - [REQUEST]: Client Request for Project Graph Received
[NX Daemon Server] - 2024-12-13T16:31:56.241Z - [REQUEST]: Responding to the client. project-graph
[NX Daemon Server] - 2024-12-13T16:31:56.242Z - Time taken for 'total for creating and serializing project graph' 0.11291699996218085ms
[NX Daemon Server] - 2024-12-13T16:31:56.243Z - Done responding to the client project-graph
[NX Daemon Server] - 2024-12-13T16:31:56.243Z - Handled REQUEST_PROJECT_GRAPH. Handling time: 0. Response time: 2.
[NX Daemon Server] - 2024-12-13T16:31:56.246Z - Established a connection. Number of open connections: 7
[NX Daemon Server] - 2024-12-13T16:32:05.460Z - [WATCHER]: libs/shared-components/tsconfig.lib.json was modified
[NX Daemon Server] - 2024-12-13T16:32:05.460Z - [REQUEST]: Responding to the client. File watch changed
[NX Daemon Server] - 2024-12-13T16:32:05.461Z - Done responding to the client File watch changed
[NX Daemon Server] - 2024-12-13T16:32:05.461Z - Handled FILE-WATCH-CHANGED. Handling time: 0. Response time: 1.
[NX Daemon Server] - 2024-12-13T16:32:05.461Z - [WATCHER]: Processing file changes in outputs
[NX Daemon Server] - 2024-12-13T16:32:05.461Z - Time taken for 'changed-projects' 0.029624999966472387ms
[NX Daemon Server] - 2024-12-13T16:32:05.561Z - [REQUEST]: Updated workspace context based on watched changes, recomputing project graph...
[NX Daemon Server] - 2024-12-13T16:32:05.561Z - [REQUEST]: libs/shared-components/tsconfig.lib.json
[NX Daemon Server] - 2024-12-13T16:32:05.561Z - [REQUEST]: 
[NX Daemon Server] - 2024-12-13T16:32:05.568Z - [REQUEST]: Responding to the client. handleHashGlob
[NX Daemon Server] - 2024-12-13T16:32:05.568Z - Done responding to the client handleHashGlob
[NX Daemon Server] - 2024-12-13T16:32:05.568Z - Handled HASH_GLOB. Handling time: 1. Response time: 0.
[NX Daemon Server] - 2024-12-13T16:32:05.568Z - [REQUEST]: Responding to the client. handleGlob
[NX Daemon Server] - 2024-12-13T16:32:05.568Z - Done responding to the client handleGlob
[NX Daemon Server] - 2024-12-13T16:32:05.568Z - Handled GLOB. Handling time: 0. Response time: 0.
[NX Daemon Server] - 2024-12-13T16:32:05.569Z - [REQUEST]: Responding to the client. handleHashGlob
[NX Daemon Server] - 2024-12-13T16:32:05.569Z - Done responding to the client handleHashGlob
[NX Daemon Server] - 2024-12-13T16:32:05.569Z - Handled HASH_GLOB. Handling time: 0. Response time: 0.
[NX Daemon Server] - 2024-12-13T16:32:05.570Z - [REQUEST]: Responding to the client. handleHashGlob
[NX Daemon Server] - 2024-12-13T16:32:05.570Z - Done responding to the client handleHashGlob
[NX Daemon Server] - 2024-12-13T16:32:05.570Z - Handled HASH_GLOB. Handling time: 1. Response time: 0.
[NX Daemon Server] - 2024-12-13T16:32:05.570Z - [REQUEST]: Responding to the client. handleHashGlob
[NX Daemon Server] - 2024-12-13T16:32:05.570Z - Done responding to the client handleHashGlob
[NX Daemon Server] - 2024-12-13T16:32:05.570Z - Handled HASH_GLOB. Handling time: 0. Response time: 0.
[NX Daemon Server] - 2024-12-13T16:32:05.570Z - Time taken for 'hash changed files from watcher' 0.11558300000615418ms
[NX Daemon Server] - 2024-12-13T16:32:05.571Z - [REQUEST]: Responding to the client. handleHashGlob
[NX Daemon Server] - 2024-12-13T16:32:05.571Z - Done responding to the client handleHashGlob
[NX Daemon Server] - 2024-12-13T16:32:05.571Z - Handled HASH_GLOB. Handling time: 0. Response time: 0.
[NX Daemon Server] - 2024-12-13T16:32:05.572Z - [REQUEST]: Responding to the client. handleHashGlob
[NX Daemon Server] - 2024-12-13T16:32:05.572Z - Done responding to the client handleHashGlob
[NX Daemon Server] - 2024-12-13T16:32:05.572Z - Handled HASH_GLOB. Handling time: 1. Response time: 0.
[NX Daemon Server] - 2024-12-13T16:32:05.572Z - [REQUEST]: Responding to the client. handleHashGlob
[NX Daemon Server] - 2024-12-13T16:32:05.572Z - Done responding to the client handleHashGlob
[NX Daemon Server] - 2024-12-13T16:32:05.572Z - Handled HASH_GLOB. Handling time: 0. Response time: 0.
[NX Daemon Server] - 2024-12-13T16:32:05.573Z - [REQUEST]: Responding to the client. handleHashGlob
[NX Daemon Server] - 2024-12-13T16:32:05.573Z - Done responding to the client handleHashGlob
[NX Daemon Server] - 2024-12-13T16:32:05.573Z - Handled HASH_GLOB. Handling time: 0. Response time: 0.
[NX Daemon Server] - 2024-12-13T16:32:05.576Z - [REQUEST]: Responding to the client. handleHashGlob
[NX Daemon Server] - 2024-12-13T16:32:05.576Z - Done responding to the client handleHashGlob
[NX Daemon Server] - 2024-12-13T16:32:05.576Z - Handled HASH_GLOB. Handling time: 0. Response time: 0.
[NX Daemon Server] - 2024-12-13T16:32:05.577Z - [REQUEST]: Responding to the client. handleHashGlob
[NX Daemon Server] - 2024-12-13T16:32:05.577Z - Done responding to the client handleHashGlob
[NX Daemon Server] - 2024-12-13T16:32:05.577Z - Handled HASH_GLOB. Handling time: 0. Response time: 0.
[NX Daemon Server] - 2024-12-13T16:32:05.578Z - [REQUEST]: Responding to the client. handleHashGlob
[NX Daemon Server] - 2024-12-13T16:32:05.578Z - Done responding to the client handleHashGlob
[NX Daemon Server] - 2024-12-13T16:32:05.578Z - Handled HASH_GLOB. Handling time: 0. Response time: 0.
[NX Daemon Server] - 2024-12-13T16:32:05.587Z - Time taken for 'build-project-configs' 21.127834000159055ms
[NX Daemon Server] - 2024-12-13T16:32:05.590Z - Time taken for '@nx-dotnet/core:createDependencies' 4.768832999980077ms
[NX Daemon Server] - 2024-12-13T16:32:05.590Z - Time taken for '@nx/storybook/plugin:createDependencies' 5.882000000216067ms
[NX Daemon Server] - 2024-12-13T16:32:05.611Z - [SYNC]: collect registered sync generators
[NX Daemon Server] - 2024-12-13T16:32:05.611Z - [SYNC]: project graph hash is the same, not collecting task sync generators
[NX Daemon Server] - 2024-12-13T16:32:05.611Z - [SYNC]: nx.json hash is the same, not collecting global sync generators
[NX Daemon Server] - 2024-12-13T16:32:05.611Z - Time taken for 'total execution time for createProjectGraph()' 22.878624999895692ms
[NX Daemon Server] - 2024-12-13T16:32:06.462Z - [REQUEST]: Client Request for Project Graph Received
[NX Daemon Server] - 2024-12-13T16:32:06.462Z - [REQUEST]: Responding to the client. project-graph
[NX Daemon Server] - 2024-12-13T16:32:06.463Z - Time taken for 'total for creating and serializing project graph' 0.17424999992363155ms
[NX Daemon Server] - 2024-12-13T16:32:06.464Z - Done responding to the client project-graph
[NX Daemon Server] - 2024-12-13T16:32:06.464Z - Handled REQUEST_PROJECT_GRAPH. Handling time: 0. Response time: 2.
[NX Daemon Server] - 2024-12-13T16:32:06.468Z - [REQUEST]: Responding to the client. handleContextFileData
[NX Daemon Server] - 2024-12-13T16:32:06.468Z - Done responding to the client handleContextFileData
[NX Daemon Server] - 2024-12-13T16:32:06.468Z - Handled GET_CONTEXT_FILE_DATA. Handling time: 0. Response time: 0.
[NX Daemon Server] - 2024-12-13T16:32:06.468Z - Closed a connection. Number of open connections: 6
[NX Daemon Server] - 2024-12-13T16:32:06.510Z - Closed a connection. Number of open connections: 5
[NX Daemon Server] - 2024-12-13T16:32:06.511Z - Established a connection. Number of open connections: 6
[NX Daemon Server] - 2024-12-13T16:32:06.511Z - Established a connection. Number of open connections: 7
[NX Daemon Server] - 2024-12-13T16:32:06.511Z - Closed a connection. Number of open connections: 6
[NX Daemon Server] - 2024-12-13T16:32:06.512Z - [REQUEST]: Client Request for Project Graph Received
[NX Daemon Server] - 2024-12-13T16:32:06.512Z - [REQUEST]: Responding to the client. project-graph
[NX Daemon Server] - 2024-12-13T16:32:06.512Z - Time taken for 'total for creating and serializing project graph' 0.09833299997262657ms
[NX Daemon Server] - 2024-12-13T16:32:06.513Z - Done responding to the client project-graph
[NX Daemon Server] - 2024-12-13T16:32:06.513Z - Handled REQUEST_PROJECT_GRAPH. Handling time: 0. Response time: 1.
[NX Daemon Server] - 2024-12-13T16:32:06.516Z - [REQUEST]: Client Request for Project Graph Received
[NX Daemon Server] - 2024-12-13T16:32:06.516Z - [REQUEST]: Responding to the client. project-graph
[NX Daemon Server] - 2024-12-13T16:32:06.516Z - Time taken for 'total for creating and serializing project graph' 0.1012079999782145ms
[NX Daemon Server] - 2024-12-13T16:32:06.517Z - Done responding to the client project-graph
[NX Daemon Server] - 2024-12-13T16:32:06.517Z - Handled REQUEST_PROJECT_GRAPH. Handling time: 0. Response time: 1.
[NX Daemon Server] - 2024-12-13T16:32:06.520Z - Established a connection. Number of open connections: 7
[NX Daemon Server] - 2024-12-13T16:32:16.228Z - [WATCHER]: libs/shared-components/tsconfig.lib.json was modified
[NX Daemon Server] - 2024-12-13T16:32:16.228Z - [REQUEST]: Responding to the client. File watch changed
[NX Daemon Server] - 2024-12-13T16:32:16.228Z - Done responding to the client File watch changed
[NX Daemon Server] - 2024-12-13T16:32:16.228Z - Handled FILE-WATCH-CHANGED. Handling time: 0. Response time: 0.
[NX Daemon Server] - 2024-12-13T16:32:16.228Z - [WATCHER]: Processing file changes in outputs
[NX Daemon Server] - 2024-12-13T16:32:16.228Z - Time taken for 'changed-projects' 0.03820899990387261ms
[NX Daemon Server] - 2024-12-13T16:32:16.328Z - [REQUEST]: Updated workspace context based on watched changes, recomputing project graph...
[NX Daemon Server] - 2024-12-13T16:32:16.329Z - [REQUEST]: libs/shared-components/tsconfig.lib.json
[NX Daemon Server] - 2024-12-13T16:32:16.329Z - [REQUEST]: 
[NX Daemon Server] - 2024-12-13T16:32:16.335Z - [REQUEST]: Responding to the client. handleHashGlob
[NX Daemon Server] - 2024-12-13T16:32:16.335Z - Done responding to the client handleHashGlob
[NX Daemon Server] - 2024-12-13T16:32:16.335Z - Handled HASH_GLOB. Handling time: 0. Response time: 0.
[NX Daemon Server] - 2024-12-13T16:32:16.336Z - [REQUEST]: Responding to the client. handleGlob
[NX Daemon Server] - 2024-12-13T16:32:16.336Z - Done responding to the client handleGlob
[NX Daemon Server] - 2024-12-13T16:32:16.336Z - Handled GLOB. Handling time: 0. Response time: 0.
[NX Daemon Server] - 2024-12-13T16:32:16.337Z - [REQUEST]: Responding to the client. handleHashGlob
[NX Daemon Server] - 2024-12-13T16:32:16.337Z - Done responding to the client handleHashGlob
[NX Daemon Server] - 2024-12-13T16:32:16.337Z - Handled HASH_GLOB. Handling time: 1. Response time: 0.
[NX Daemon Server] - 2024-12-13T16:32:16.337Z - [REQUEST]: Responding to the client. handleHashGlob
[NX Daemon Server] - 2024-12-13T16:32:16.337Z - Done responding to the client handleHashGlob
[NX Daemon Server] - 2024-12-13T16:32:16.337Z - Handled HASH_GLOB. Handling time: 0. Response time: 0.
[NX Daemon Server] - 2024-12-13T16:32:16.338Z - [REQUEST]: Responding to the client. handleHashGlob
[NX Daemon Server] - 2024-12-13T16:32:16.338Z - Done responding to the client handleHashGlob
[NX Daemon Server] - 2024-12-13T16:32:16.338Z - Handled HASH_GLOB. Handling time: 1. Response time: 0.
[NX Daemon Server] - 2024-12-13T16:32:16.338Z - Time taken for 'hash changed files from watcher' 0.1159999999217689ms
[NX Daemon Server] - 2024-12-13T16:32:16.339Z - [REQUEST]: Responding to the client. handleHashGlob
[NX Daemon Server] - 2024-12-13T16:32:16.339Z - Done responding to the client handleHashGlob
[NX Daemon Server] - 2024-12-13T16:32:16.339Z - Handled HASH_GLOB. Handling time: 1. Response time: 0.
[NX Daemon Server] - 2024-12-13T16:32:16.339Z - [REQUEST]: Responding to the client. handleHashGlob
[NX Daemon Server] - 2024-12-13T16:32:16.339Z - Done responding to the client handleHashGlob
[NX Daemon Server] - 2024-12-13T16:32:16.339Z - Handled HASH_GLOB. Handling time: 0. Response time: 0.
[NX Daemon Server] - 2024-12-13T16:32:16.340Z - [REQUEST]: Responding to the client. handleHashGlob
[NX Daemon Server] - 2024-12-13T16:32:16.340Z - Done responding to the client handleHashGlob
[NX Daemon Server] - 2024-12-13T16:32:16.340Z - Handled HASH_GLOB. Handling time: 0. Response time: 0.
[NX Daemon Server] - 2024-12-13T16:32:16.340Z - [REQUEST]: Responding to the client. handleHashGlob
[NX Daemon Server] - 2024-12-13T16:32:16.340Z - Done responding to the client handleHashGlob
[NX Daemon Server] - 2024-12-13T16:32:16.340Z - Handled HASH_GLOB. Handling time: 0. Response time: 0.
[NX Daemon Server] - 2024-12-13T16:32:16.344Z - [REQUEST]: Responding to the client. handleHashGlob
[NX Daemon Server] - 2024-12-13T16:32:16.344Z - Done responding to the client handleHashGlob
[NX Daemon Server] - 2024-12-13T16:32:16.344Z - Handled HASH_GLOB. Handling time: 1. Response time: 0.
[NX Daemon Server] - 2024-12-13T16:32:16.345Z - [REQUEST]: Responding to the client. handleHashGlob
[NX Daemon Server] - 2024-12-13T16:32:16.345Z - Done responding to the client handleHashGlob
[NX Daemon Server] - 2024-12-13T16:32:16.345Z - Handled HASH_GLOB. Handling time: 1. Response time: 0.
[NX Daemon Server] - 2024-12-13T16:32:16.345Z - [REQUEST]: Responding to the client. handleHashGlob
[NX Daemon Server] - 2024-12-13T16:32:16.345Z - Done responding to the client handleHashGlob
[NX Daemon Server] - 2024-12-13T16:32:16.345Z - Handled HASH_GLOB. Handling time: 0. Response time: 0.
[NX Daemon Server] - 2024-12-13T16:32:16.354Z - Time taken for 'build-project-configs' 20.956334000220522ms
[NX Daemon Server] - 2024-12-13T16:32:16.357Z - Time taken for '@nx-dotnet/core:createDependencies' 4.7200840001460165ms
[NX Daemon Server] - 2024-12-13T16:32:16.357Z - Time taken for '@nx/storybook/plugin:createDependencies' 6.075291000073776ms
[NX Daemon Server] - 2024-12-13T16:32:16.380Z - [SYNC]: collect registered sync generators
[NX Daemon Server] - 2024-12-13T16:32:16.380Z - [SYNC]: project graph hash is the same, not collecting task sync generators
[NX Daemon Server] - 2024-12-13T16:32:16.380Z - [SYNC]: nx.json hash is the same, not collecting global sync generators
[NX Daemon Server] - 2024-12-13T16:32:16.380Z - Time taken for 'total execution time for createProjectGraph()' 24.65854199999012ms
[NX Daemon Server] - 2024-12-13T16:32:17.231Z - [REQUEST]: Client Request for Project Graph Received
[NX Daemon Server] - 2024-12-13T16:32:17.231Z - [REQUEST]: Responding to the client. project-graph
[NX Daemon Server] - 2024-12-13T16:32:17.231Z - Time taken for 'total for creating and serializing project graph' 0.15487500000745058ms
[NX Daemon Server] - 2024-12-13T16:32:17.232Z - Done responding to the client project-graph
[NX Daemon Server] - 2024-12-13T16:32:17.232Z - Handled REQUEST_PROJECT_GRAPH. Handling time: 0. Response time: 1.
[NX Daemon Server] - 2024-12-13T16:32:17.236Z - [REQUEST]: Responding to the client. handleContextFileData
[NX Daemon Server] - 2024-12-13T16:32:17.236Z - Done responding to the client handleContextFileData
[NX Daemon Server] - 2024-12-13T16:32:17.236Z - Handled GET_CONTEXT_FILE_DATA. Handling time: 0. Response time: 0.
[NX Daemon Server] - 2024-12-13T16:32:17.236Z - Closed a connection. Number of open connections: 6
[NX Daemon Server] - 2024-12-13T16:32:17.271Z - Closed a connection. Number of open connections: 5
[NX Daemon Server] - 2024-12-13T16:32:17.272Z - Established a connection. Number of open connections: 6
[NX Daemon Server] - 2024-12-13T16:32:17.272Z - Established a connection. Number of open connections: 7
[NX Daemon Server] - 2024-12-13T16:32:17.272Z - Closed a connection. Number of open connections: 6
[NX Daemon Server] - 2024-12-13T16:32:17.273Z - [REQUEST]: Client Request for Project Graph Received
[NX Daemon Server] - 2024-12-13T16:32:17.273Z - [REQUEST]: Responding to the client. project-graph
[NX Daemon Server] - 2024-12-13T16:32:17.274Z - Time taken for 'total for creating and serializing project graph' 0.10958299995400012ms
[NX Daemon Server] - 2024-12-13T16:32:17.277Z - Done responding to the client project-graph
[NX Daemon Server] - 2024-12-13T16:32:17.277Z - Handled REQUEST_PROJECT_GRAPH. Handling time: 0. Response time: 4.
[NX Daemon Server] - 2024-12-13T16:32:17.280Z - [REQUEST]: Client Request for Project Graph Received
[NX Daemon Server] - 2024-12-13T16:32:17.280Z - [REQUEST]: Responding to the client. project-graph
[NX Daemon Server] - 2024-12-13T16:32:17.281Z - Time taken for 'total for creating and serializing project graph' 0.08091700007207692ms
[NX Daemon Server] - 2024-12-13T16:32:17.281Z - Done responding to the client project-graph
[NX Daemon Server] - 2024-12-13T16:32:17.281Z - Handled REQUEST_PROJECT_GRAPH. Handling time: 0. Response time: 1.
[NX Daemon Server] - 2024-12-13T16:32:17.285Z - Established a connection. Number of open connections: 7
[NX Daemon Server] - 2024-12-13T16:32:35.567Z - [WATCHER]: libs/shared-components/tsconfig.lib.json was modified
[NX Daemon Server] - 2024-12-13T16:32:35.567Z - [REQUEST]: Responding to the client. File watch changed
[NX Daemon Server] - 2024-12-13T16:32:35.567Z - Done responding to the client File watch changed
[NX Daemon Server] - 2024-12-13T16:32:35.567Z - Handled FILE-WATCH-CHANGED. Handling time: 0. Response time: 0.
[NX Daemon Server] - 2024-12-13T16:32:35.567Z - Time taken for 'changed-projects' 0.025665999855846167ms
[NX Daemon Server] - 2024-12-13T16:32:35.568Z - [WATCHER]: Processing file changes in outputs
[NX Daemon Server] - 2024-12-13T16:32:35.667Z - [REQUEST]: Updated workspace context based on watched changes, recomputing project graph...
[NX Daemon Server] - 2024-12-13T16:32:35.667Z - [REQUEST]: libs/shared-components/tsconfig.lib.json
[NX Daemon Server] - 2024-12-13T16:32:35.667Z - [REQUEST]: 
[NX Daemon Server] - 2024-12-13T16:32:35.673Z - [REQUEST]: Responding to the client. handleHashGlob
[NX Daemon Server] - 2024-12-13T16:32:35.673Z - Done responding to the client handleHashGlob
[NX Daemon Server] - 2024-12-13T16:32:35.673Z - Handled HASH_GLOB. Handling time: 0. Response time: 0.
[NX Daemon Server] - 2024-12-13T16:32:35.674Z - [REQUEST]: Responding to the client. handleGlob
[NX Daemon Server] - 2024-12-13T16:32:35.674Z - Done responding to the client handleGlob
[NX Daemon Server] - 2024-12-13T16:32:35.674Z - Handled GLOB. Handling time: 1. Response time: 0.
[NX Daemon Server] - 2024-12-13T16:32:35.674Z - [REQUEST]: Responding to the client. handleHashGlob
[NX Daemon Server] - 2024-12-13T16:32:35.674Z - Done responding to the client handleHashGlob
[NX Daemon Server] - 2024-12-13T16:32:35.674Z - Handled HASH_GLOB. Handling time: 0. Response time: 0.
[NX Daemon Server] - 2024-12-13T16:32:35.675Z - [REQUEST]: Responding to the client. handleHashGlob
[NX Daemon Server] - 2024-12-13T16:32:35.675Z - Done responding to the client handleHashGlob
[NX Daemon Server] - 2024-12-13T16:32:35.675Z - Handled HASH_GLOB. Handling time: 0. Response time: 0.
[NX Daemon Server] - 2024-12-13T16:32:35.676Z - [REQUEST]: Responding to the client. handleHashGlob
[NX Daemon Server] - 2024-12-13T16:32:35.676Z - Done responding to the client handleHashGlob
[NX Daemon Server] - 2024-12-13T16:32:35.676Z - Handled HASH_GLOB. Handling time: 1. Response time: 0.
[NX Daemon Server] - 2024-12-13T16:32:35.676Z - Time taken for 'hash changed files from watcher' 0.09904200001619756ms
[NX Daemon Server] - 2024-12-13T16:32:35.676Z - [REQUEST]: Responding to the client. handleHashGlob
[NX Daemon Server] - 2024-12-13T16:32:35.676Z - Done responding to the client handleHashGlob
[NX Daemon Server] - 2024-12-13T16:32:35.676Z - Handled HASH_GLOB. Handling time: 0. Response time: 0.
[NX Daemon Server] - 2024-12-13T16:32:35.677Z - [REQUEST]: Responding to the client. handleHashGlob
[NX Daemon Server] - 2024-12-13T16:32:35.677Z - Done responding to the client handleHashGlob
[NX Daemon Server] - 2024-12-13T16:32:35.677Z - Handled HASH_GLOB. Handling time: 0. Response time: 0.
[NX Daemon Server] - 2024-12-13T16:32:35.678Z - [REQUEST]: Responding to the client. handleHashGlob
[NX Daemon Server] - 2024-12-13T16:32:35.678Z - Done responding to the client handleHashGlob
[NX Daemon Server] - 2024-12-13T16:32:35.678Z - Handled HASH_GLOB. Handling time: 1. Response time: 0.
[NX Daemon Server] - 2024-12-13T16:32:35.678Z - [REQUEST]: Responding to the client. handleHashGlob
[NX Daemon Server] - 2024-12-13T16:32:35.678Z - Done responding to the client handleHashGlob
[NX Daemon Server] - 2024-12-13T16:32:35.678Z - Handled HASH_GLOB. Handling time: 0. Response time: 0.
[NX Daemon Server] - 2024-12-13T16:32:35.681Z - [REQUEST]: Responding to the client. handleHashGlob
[NX Daemon Server] - 2024-12-13T16:32:35.681Z - Done responding to the client handleHashGlob
[NX Daemon Server] - 2024-12-13T16:32:35.681Z - Handled HASH_GLOB. Handling time: 0. Response time: 0.
[NX Daemon Server] - 2024-12-13T16:32:35.682Z - [REQUEST]: Responding to the client. handleHashGlob
[NX Daemon Server] - 2024-12-13T16:32:35.682Z - Done responding to the client handleHashGlob
[NX Daemon Server] - 2024-12-13T16:32:35.682Z - Handled HASH_GLOB. Handling time: 1. Response time: 0.
[NX Daemon Server] - 2024-12-13T16:32:35.682Z - [REQUEST]: Responding to the client. handleHashGlob
[NX Daemon Server] - 2024-12-13T16:32:35.682Z - Done responding to the client handleHashGlob
[NX Daemon Server] - 2024-12-13T16:32:35.682Z - Handled HASH_GLOB. Handling time: 0. Response time: 0.
[NX Daemon Server] - 2024-12-13T16:32:35.691Z - Time taken for 'build-project-configs' 19.9717079999391ms
[NX Daemon Server] - 2024-12-13T16:32:35.694Z - Time taken for '@nx-dotnet/core:createDependencies' 4.829457999905571ms
[NX Daemon Server] - 2024-12-13T16:32:35.694Z - Time taken for '@nx/storybook/plugin:createDependencies' 6.067916000029072ms
[NX Daemon Server] - 2024-12-13T16:32:35.716Z - [SYNC]: collect registered sync generators
[NX Daemon Server] - 2024-12-13T16:32:35.716Z - [SYNC]: project graph hash is the same, not collecting task sync generators
[NX Daemon Server] - 2024-12-13T16:32:35.716Z - [SYNC]: nx.json hash is the same, not collecting global sync generators
[NX Daemon Server] - 2024-12-13T16:32:35.716Z - Time taken for 'total execution time for createProjectGraph()' 22.597250000108033ms
[NX Daemon Server] - 2024-12-13T16:32:36.570Z - [REQUEST]: Client Request for Project Graph Received
[NX Daemon Server] - 2024-12-13T16:32:36.570Z - [REQUEST]: Responding to the client. project-graph
[NX Daemon Server] - 2024-12-13T16:32:36.571Z - Time taken for 'total for creating and serializing project graph' 0.16104199993424118ms
[NX Daemon Server] - 2024-12-13T16:32:36.571Z - Done responding to the client project-graph
[NX Daemon Server] - 2024-12-13T16:32:36.571Z - Handled REQUEST_PROJECT_GRAPH. Handling time: 0. Response time: 1.
[NX Daemon Server] - 2024-12-13T16:32:36.575Z - [REQUEST]: Responding to the client. handleContextFileData
[NX Daemon Server] - 2024-12-13T16:32:36.575Z - Done responding to the client handleContextFileData
[NX Daemon Server] - 2024-12-13T16:32:36.575Z - Handled GET_CONTEXT_FILE_DATA. Handling time: 0. Response time: 0.
[NX Daemon Server] - 2024-12-13T16:32:36.575Z - Closed a connection. Number of open connections: 6
[NX Daemon Server] - 2024-12-13T16:32:36.617Z - Closed a connection. Number of open connections: 5
[NX Daemon Server] - 2024-12-13T16:32:36.618Z - Established a connection. Number of open connections: 6
[NX Daemon Server] - 2024-12-13T16:32:36.618Z - Closed a connection. Number of open connections: 5
[NX Daemon Server] - 2024-12-13T16:32:36.618Z - Established a connection. Number of open connections: 6
[NX Daemon Server] - 2024-12-13T16:32:36.618Z - [REQUEST]: Client Request for Project Graph Received
[NX Daemon Server] - 2024-12-13T16:32:36.618Z - [REQUEST]: Responding to the client. project-graph
[NX Daemon Server] - 2024-12-13T16:32:36.618Z - Time taken for 'total for creating and serializing project graph' 0.0969170001335442ms
[NX Daemon Server] - 2024-12-13T16:32:36.620Z - Done responding to the client project-graph
[NX Daemon Server] - 2024-12-13T16:32:36.620Z - Handled REQUEST_PROJECT_GRAPH. Handling time: 0. Response time: 2.
[NX Daemon Server] - 2024-12-13T16:32:36.623Z - [REQUEST]: Client Request for Project Graph Received
[NX Daemon Server] - 2024-12-13T16:32:36.623Z - [REQUEST]: Responding to the client. project-graph
[NX Daemon Server] - 2024-12-13T16:32:36.623Z - Time taken for 'total for creating and serializing project graph' 0.08808300015516579ms
[NX Daemon Server] - 2024-12-13T16:32:36.624Z - Done responding to the client project-graph
[NX Daemon Server] - 2024-12-13T16:32:36.624Z - Handled REQUEST_PROJECT_GRAPH. Handling time: 0. Response time: 1.
[NX Daemon Server] - 2024-12-13T16:32:36.627Z - Established a connection. Number of open connections: 7
[NX Daemon Server] - 2024-12-13T16:32:47.850Z - [WATCHER]: libs/shared-components/tsconfig.lib.json was modified
[NX Daemon Server] - 2024-12-13T16:32:47.851Z - [REQUEST]: Responding to the client. File watch changed
[NX Daemon Server] - 2024-12-13T16:32:47.851Z - Done responding to the client File watch changed
[NX Daemon Server] - 2024-12-13T16:32:47.851Z - Handled FILE-WATCH-CHANGED. Handling time: 0. Response time: 0.
[NX Daemon Server] - 2024-12-13T16:32:47.851Z - [WATCHER]: Processing file changes in outputs
[NX Daemon Server] - 2024-12-13T16:32:47.851Z - Time taken for 'changed-projects' 0.04391600005328655ms
[NX Daemon Server] - 2024-12-13T16:32:47.950Z - [REQUEST]: Updated workspace context based on watched changes, recomputing project graph...
[NX Daemon Server] - 2024-12-13T16:32:47.950Z - [REQUEST]: libs/shared-components/tsconfig.lib.json
[NX Daemon Server] - 2024-12-13T16:32:47.950Z - [REQUEST]: 
[NX Daemon Server] - 2024-12-13T16:32:47.956Z - [REQUEST]: Responding to the client. handleHashGlob
[NX Daemon Server] - 2024-12-13T16:32:47.957Z - Done responding to the client handleHashGlob
[NX Daemon Server] - 2024-12-13T16:32:47.957Z - Handled HASH_GLOB. Handling time: 0. Response time: 1.
[NX Daemon Server] - 2024-12-13T16:32:47.957Z - [REQUEST]: Responding to the client. handleGlob
[NX Daemon Server] - 2024-12-13T16:32:47.957Z - Done responding to the client handleGlob
[NX Daemon Server] - 2024-12-13T16:32:47.957Z - Handled GLOB. Handling time: 0. Response time: 0.
[NX Daemon Server] - 2024-12-13T16:32:47.958Z - [REQUEST]: Responding to the client. handleHashGlob
[NX Daemon Server] - 2024-12-13T16:32:47.958Z - Done responding to the client handleHashGlob
[NX Daemon Server] - 2024-12-13T16:32:47.958Z - Handled HASH_GLOB. Handling time: 0. Response time: 0.
[NX Daemon Server] - 2024-12-13T16:32:47.959Z - [REQUEST]: Responding to the client. handleHashGlob
[NX Daemon Server] - 2024-12-13T16:32:47.959Z - Done responding to the client handleHashGlob
[NX Daemon Server] - 2024-12-13T16:32:47.959Z - Handled HASH_GLOB. Handling time: 1. Response time: 0.
[NX Daemon Server] - 2024-12-13T16:32:47.959Z - [REQUEST]: Responding to the client. handleHashGlob
[NX Daemon Server] - 2024-12-13T16:32:47.959Z - Done responding to the client handleHashGlob
[NX Daemon Server] - 2024-12-13T16:32:47.959Z - Handled HASH_GLOB. Handling time: 0. Response time: 0.
[NX Daemon Server] - 2024-12-13T16:32:47.960Z - Time taken for 'hash changed files from watcher' 0.10658299992792308ms
[NX Daemon Server] - 2024-12-13T16:32:47.960Z - [REQUEST]: Responding to the client. handleHashGlob
[NX Daemon Server] - 2024-12-13T16:32:47.960Z - Done responding to the client handleHashGlob
[NX Daemon Server] - 2024-12-13T16:32:47.960Z - Handled HASH_GLOB. Handling time: 0. Response time: 0.
[NX Daemon Server] - 2024-12-13T16:32:47.961Z - [REQUEST]: Responding to the client. handleHashGlob
[NX Daemon Server] - 2024-12-13T16:32:47.961Z - Done responding to the client handleHashGlob
[NX Daemon Server] - 2024-12-13T16:32:47.961Z - Handled HASH_GLOB. Handling time: 0. Response time: 0.
[NX Daemon Server] - 2024-12-13T16:32:47.962Z - [REQUEST]: Responding to the client. handleHashGlob
[NX Daemon Server] - 2024-12-13T16:32:47.962Z - Done responding to the client handleHashGlob
[NX Daemon Server] - 2024-12-13T16:32:47.962Z - Handled HASH_GLOB. Handling time: 1. Response time: 0.
[NX Daemon Server] - 2024-12-13T16:32:47.962Z - [REQUEST]: Responding to the client. handleHashGlob
[NX Daemon Server] - 2024-12-13T16:32:47.962Z - Done responding to the client handleHashGlob
[NX Daemon Server] - 2024-12-13T16:32:47.962Z - Handled HASH_GLOB. Handling time: 0. Response time: 0.
[NX Daemon Server] - 2024-12-13T16:32:47.963Z - [REQUEST]: Responding to the client. handleHashGlob
[NX Daemon Server] - 2024-12-13T16:32:47.963Z - Done responding to the client handleHashGlob
[NX Daemon Server] - 2024-12-13T16:32:47.963Z - Handled HASH_GLOB. Handling time: 0. Response time: 0.
[NX Daemon Server] - 2024-12-13T16:32:47.964Z - [REQUEST]: Responding to the client. handleHashGlob
[NX Daemon Server] - 2024-12-13T16:32:47.964Z - Done responding to the client handleHashGlob
[NX Daemon Server] - 2024-12-13T16:32:47.964Z - Handled HASH_GLOB. Handling time: 1. Response time: 0.
[NX Daemon Server] - 2024-12-13T16:32:47.964Z - [REQUEST]: Responding to the client. handleHashGlob
[NX Daemon Server] - 2024-12-13T16:32:47.964Z - Done responding to the client handleHashGlob
[NX Daemon Server] - 2024-12-13T16:32:47.964Z - Handled HASH_GLOB. Handling time: 0. Response time: 0.
[NX Daemon Server] - 2024-12-13T16:32:47.973Z - Time taken for 'build-project-configs' 18.370583000127226ms
[NX Daemon Server] - 2024-12-13T16:32:47.976Z - Time taken for '@nx-dotnet/core:createDependencies' 4.9338340000249445ms
[NX Daemon Server] - 2024-12-13T16:32:47.976Z - Time taken for '@nx/storybook/plugin:createDependencies' 6.097291999962181ms
[NX Daemon Server] - 2024-12-13T16:32:47.995Z - [SYNC]: collect registered sync generators
[NX Daemon Server] - 2024-12-13T16:32:47.995Z - [SYNC]: project graph hash is the same, not collecting task sync generators
[NX Daemon Server] - 2024-12-13T16:32:47.995Z - [SYNC]: nx.json hash is the same, not collecting global sync generators
[NX Daemon Server] - 2024-12-13T16:32:47.995Z - Time taken for 'total execution time for createProjectGraph()' 20.574584000045434ms
[NX Daemon Server] - 2024-12-13T16:32:48.385Z - [WATCHER]: Processing file changes in outputs
[NX Daemon Server] - 2024-12-13T16:32:48.854Z - [REQUEST]: Client Request for Project Graph Received
[NX Daemon Server] - 2024-12-13T16:32:48.854Z - [REQUEST]: Responding to the client. project-graph
[NX Daemon Server] - 2024-12-13T16:32:48.855Z - Time taken for 'total for creating and serializing project graph' 0.14954199991188943ms
[NX Daemon Server] - 2024-12-13T16:32:48.856Z - Done responding to the client project-graph
[NX Daemon Server] - 2024-12-13T16:32:48.856Z - Handled REQUEST_PROJECT_GRAPH. Handling time: 0. Response time: 2.
[NX Daemon Server] - 2024-12-13T16:32:48.860Z - [REQUEST]: Responding to the client. handleContextFileData
[NX Daemon Server] - 2024-12-13T16:32:48.860Z - Done responding to the client handleContextFileData
[NX Daemon Server] - 2024-12-13T16:32:48.860Z - Handled GET_CONTEXT_FILE_DATA. Handling time: 0. Response time: 0.
[NX Daemon Server] - 2024-12-13T16:32:48.860Z - Closed a connection. Number of open connections: 6
[NX Daemon Server] - 2024-12-13T16:32:48.901Z - Closed a connection. Number of open connections: 5
[NX Daemon Server] - 2024-12-13T16:32:48.902Z - Established a connection. Number of open connections: 6
[NX Daemon Server] - 2024-12-13T16:32:48.902Z - Established a connection. Number of open connections: 7
[NX Daemon Server] - 2024-12-13T16:32:48.902Z - Closed a connection. Number of open connections: 6
[NX Daemon Server] - 2024-12-13T16:32:48.902Z - [REQUEST]: Client Request for Project Graph Received
[NX Daemon Server] - 2024-12-13T16:32:48.902Z - [REQUEST]: Responding to the client. project-graph
[NX Daemon Server] - 2024-12-13T16:32:48.902Z - Time taken for 'total for creating and serializing project graph' 0.09683399996720254ms
[NX Daemon Server] - 2024-12-13T16:32:48.903Z - Done responding to the client project-graph
[NX Daemon Server] - 2024-12-13T16:32:48.903Z - Handled REQUEST_PROJECT_GRAPH. Handling time: 0. Response time: 1.
[NX Daemon Server] - 2024-12-13T16:32:48.907Z - [REQUEST]: Client Request for Project Graph Received
[NX Daemon Server] - 2024-12-13T16:32:48.907Z - [REQUEST]: Responding to the client. project-graph
[NX Daemon Server] - 2024-12-13T16:32:48.907Z - Time taken for 'total for creating and serializing project graph' 0.10104199987836182ms
[NX Daemon Server] - 2024-12-13T16:32:48.908Z - Done responding to the client project-graph
[NX Daemon Server] - 2024-12-13T16:32:48.908Z - Handled REQUEST_PROJECT_GRAPH. Handling time: 0. Response time: 1.
[NX Daemon Server] - 2024-12-13T16:32:48.911Z - Established a connection. Number of open connections: 7
[NX Daemon Server] - 2024-12-13T16:33:27.837Z - [WATCHER]: tsconfig.base.json was modified
[NX Daemon Server] - 2024-12-13T16:33:27.837Z - [REQUEST]: Responding to the client. File watch changed
[NX Daemon Server] - 2024-12-13T16:33:27.837Z - Done responding to the client File watch changed
[NX Daemon Server] - 2024-12-13T16:33:27.837Z - Handled FILE-WATCH-CHANGED. Handling time: 0. Response time: 0.
[NX Daemon Server] - 2024-12-13T16:33:27.837Z - [WATCHER]: Processing file changes in outputs
[NX Daemon Server] - 2024-12-13T16:33:27.837Z - Time taken for 'changed-projects' 0.040250000078231096ms
[NX Daemon Server] - 2024-12-13T16:33:27.938Z - [REQUEST]: Updated workspace context based on watched changes, recomputing project graph...
[NX Daemon Server] - 2024-12-13T16:33:27.938Z - [REQUEST]: tsconfig.base.json
[NX Daemon Server] - 2024-12-13T16:33:27.938Z - [REQUEST]: 
[NX Daemon Server] - 2024-12-13T16:33:27.944Z - [REQUEST]: Responding to the client. handleHashGlob
[NX Daemon Server] - 2024-12-13T16:33:27.944Z - Done responding to the client handleHashGlob
[NX Daemon Server] - 2024-12-13T16:33:27.944Z - Handled HASH_GLOB. Handling time: 1. Response time: 0.
[NX Daemon Server] - 2024-12-13T16:33:27.944Z - [REQUEST]: Responding to the client. handleGlob
[NX Daemon Server] - 2024-12-13T16:33:27.944Z - Done responding to the client handleGlob
[NX Daemon Server] - 2024-12-13T16:33:27.944Z - Handled GLOB. Handling time: 0. Response time: 0.
[NX Daemon Server] - 2024-12-13T16:33:27.945Z - [REQUEST]: Responding to the client. handleHashGlob
[NX Daemon Server] - 2024-12-13T16:33:27.945Z - Done responding to the client handleHashGlob
[NX Daemon Server] - 2024-12-13T16:33:27.945Z - Handled HASH_GLOB. Handling time: 0. Response time: 0.
[NX Daemon Server] - 2024-12-13T16:33:27.946Z - [REQUEST]: Responding to the client. handleHashGlob
[NX Daemon Server] - 2024-12-13T16:33:27.946Z - Done responding to the client handleHashGlob
[NX Daemon Server] - 2024-12-13T16:33:27.946Z - Handled HASH_GLOB. Handling time: 1. Response time: 0.
[NX Daemon Server] - 2024-12-13T16:33:27.947Z - [REQUEST]: Responding to the client. handleHashGlob
[NX Daemon Server] - 2024-12-13T16:33:27.947Z - Done responding to the client handleHashGlob
[NX Daemon Server] - 2024-12-13T16:33:27.947Z - Handled HASH_GLOB. Handling time: 1. Response time: 0.
[NX Daemon Server] - 2024-12-13T16:33:27.947Z - Time taken for 'hash changed files from watcher' 0.10691699991002679ms
[NX Daemon Server] - 2024-12-13T16:33:27.948Z - [REQUEST]: Responding to the client. handleHashGlob
[NX Daemon Server] - 2024-12-13T16:33:27.948Z - Done responding to the client handleHashGlob
[NX Daemon Server] - 2024-12-13T16:33:27.948Z - Handled HASH_GLOB. Handling time: 1. Response time: 0.
[NX Daemon Server] - 2024-12-13T16:33:27.948Z - [REQUEST]: Responding to the client. handleHashGlob
[NX Daemon Server] - 2024-12-13T16:33:27.948Z - Done responding to the client handleHashGlob
[NX Daemon Server] - 2024-12-13T16:33:27.948Z - Handled HASH_GLOB. Handling time: 0. Response time: 0.
[NX Daemon Server] - 2024-12-13T16:33:27.949Z - [REQUEST]: Responding to the client. handleHashGlob
[NX Daemon Server] - 2024-12-13T16:33:27.949Z - Done responding to the client handleHashGlob
[NX Daemon Server] - 2024-12-13T16:33:27.949Z - Handled HASH_GLOB. Handling time: 0. Response time: 0.
[NX Daemon Server] - 2024-12-13T16:33:27.950Z - [REQUEST]: Responding to the client. handleHashGlob
[NX Daemon Server] - 2024-12-13T16:33:27.950Z - Done responding to the client handleHashGlob
[NX Daemon Server] - 2024-12-13T16:33:27.950Z - Handled HASH_GLOB. Handling time: 0. Response time: 0.
[NX Daemon Server] - 2024-12-13T16:33:27.952Z - [REQUEST]: Responding to the client. handleHashGlob
[NX Daemon Server] - 2024-12-13T16:33:27.952Z - Done responding to the client handleHashGlob
[NX Daemon Server] - 2024-12-13T16:33:27.952Z - Handled HASH_GLOB. Handling time: 0. Response time: 0.
[NX Daemon Server] - 2024-12-13T16:33:27.953Z - [REQUEST]: Responding to the client. handleHashGlob
[NX Daemon Server] - 2024-12-13T16:33:27.953Z - Done responding to the client handleHashGlob
[NX Daemon Server] - 2024-12-13T16:33:27.953Z - Handled HASH_GLOB. Handling time: 1. Response time: 0.
[NX Daemon Server] - 2024-12-13T16:33:27.953Z - [REQUEST]: Responding to the client. handleHashGlob
[NX Daemon Server] - 2024-12-13T16:33:27.953Z - Done responding to the client handleHashGlob
[NX Daemon Server] - 2024-12-13T16:33:27.953Z - Handled HASH_GLOB. Handling time: 0. Response time: 0.
[NX Daemon Server] - 2024-12-13T16:33:27.960Z - Time taken for 'build-project-configs' 18.3084169998765ms
[NX Daemon Server] - 2024-12-13T16:33:27.963Z - Time taken for '@nx-dotnet/core:createDependencies' 4.570957999909297ms
[NX Daemon Server] - 2024-12-13T16:33:27.964Z - Time taken for '@nx/storybook/plugin:createDependencies' 5.80158400000073ms
[NX Daemon Server] - 2024-12-13T16:33:27.977Z - [SYNC]: collect registered sync generators
[NX Daemon Server] - 2024-12-13T16:33:27.977Z - [SYNC]: project graph hash is the same, not collecting task sync generators
[NX Daemon Server] - 2024-12-13T16:33:27.977Z - [SYNC]: nx.json hash is the same, not collecting global sync generators
[NX Daemon Server] - 2024-12-13T16:33:27.978Z - Time taken for 'total execution time for createProjectGraph()' 14.740416999906301ms
[NX Daemon Server] - 2024-12-13T16:33:28.840Z - [REQUEST]: Client Request for Project Graph Received
[NX Daemon Server] - 2024-12-13T16:33:28.840Z - [REQUEST]: Responding to the client. project-graph
[NX Daemon Server] - 2024-12-13T16:33:28.841Z - Time taken for 'total for creating and serializing project graph' 0.15195799991488457ms
[NX Daemon Server] - 2024-12-13T16:33:28.845Z - Done responding to the client project-graph
[NX Daemon Server] - 2024-12-13T16:33:28.845Z - Handled REQUEST_PROJECT_GRAPH. Handling time: 0. Response time: 5.
[NX Daemon Server] - 2024-12-13T16:33:28.848Z - [REQUEST]: Responding to the client. handleContextFileData
[NX Daemon Server] - 2024-12-13T16:33:28.848Z - Done responding to the client handleContextFileData
[NX Daemon Server] - 2024-12-13T16:33:28.848Z - Handled GET_CONTEXT_FILE_DATA. Handling time: 0. Response time: 0.
[NX Daemon Server] - 2024-12-13T16:33:28.849Z - Closed a connection. Number of open connections: 6
[NX Daemon Server] - 2024-12-13T16:33:28.886Z - Closed a connection. Number of open connections: 5
[NX Daemon Server] - 2024-12-13T16:33:28.887Z - Established a connection. Number of open connections: 6
[NX Daemon Server] - 2024-12-13T16:33:28.887Z - Established a connection. Number of open connections: 7
[NX Daemon Server] - 2024-12-13T16:33:28.887Z - Closed a connection. Number of open connections: 6
[NX Daemon Server] - 2024-12-13T16:33:28.887Z - [REQUEST]: Client Request for Project Graph Received
[NX Daemon Server] - 2024-12-13T16:33:28.888Z - [REQUEST]: Responding to the client. project-graph
[NX Daemon Server] - 2024-12-13T16:33:28.888Z - Time taken for 'total for creating and serializing project graph' 0.13183299987576902ms
[NX Daemon Server] - 2024-12-13T16:33:28.889Z - Done responding to the client project-graph
[NX Daemon Server] - 2024-12-13T16:33:28.889Z - Handled REQUEST_PROJECT_GRAPH. Handling time: 1. Response time: 1.
[NX Daemon Server] - 2024-12-13T16:33:28.892Z - [REQUEST]: Client Request for Project Graph Received
[NX Daemon Server] - 2024-12-13T16:33:28.892Z - [REQUEST]: Responding to the client. project-graph
[NX Daemon Server] - 2024-12-13T16:33:28.893Z - Time taken for 'total for creating and serializing project graph' 0.11162499990314245ms
[NX Daemon Server] - 2024-12-13T16:33:28.898Z - Done responding to the client project-graph
[NX Daemon Server] - 2024-12-13T16:33:28.898Z - Handled REQUEST_PROJECT_GRAPH. Handling time: 0. Response time: 6.
[NX Daemon Server] - 2024-12-13T16:33:28.902Z - Established a connection. Number of open connections: 7
[NX Daemon Server] - 2024-12-13T16:33:38.008Z - [WATCHER]: tsconfig.base.json was modified
[NX Daemon Server] - 2024-12-13T16:33:38.009Z - [REQUEST]: Responding to the client. File watch changed
[NX Daemon Server] - 2024-12-13T16:33:38.009Z - Done responding to the client File watch changed
[NX Daemon Server] - 2024-12-13T16:33:38.009Z - Handled FILE-WATCH-CHANGED. Handling time: 0. Response time: 0.
[NX Daemon Server] - 2024-12-13T16:33:38.009Z - [WATCHER]: Processing file changes in outputs
[NX Daemon Server] - 2024-12-13T16:33:38.009Z - Time taken for 'changed-projects' 0.03637499990873039ms
[NX Daemon Server] - 2024-12-13T16:33:38.109Z - [REQUEST]: Updated workspace context based on watched changes, recomputing project graph...
[NX Daemon Server] - 2024-12-13T16:33:38.109Z - [REQUEST]: tsconfig.base.json
[NX Daemon Server] - 2024-12-13T16:33:38.109Z - [REQUEST]: 
[NX Daemon Server] - 2024-12-13T16:33:38.115Z - [REQUEST]: Responding to the client. handleHashGlob
[NX Daemon Server] - 2024-12-13T16:33:38.115Z - Done responding to the client handleHashGlob
[NX Daemon Server] - 2024-12-13T16:33:38.115Z - Handled HASH_GLOB. Handling time: 0. Response time: 0.
[NX Daemon Server] - 2024-12-13T16:33:38.116Z - [REQUEST]: Responding to the client. handleGlob
[NX Daemon Server] - 2024-12-13T16:33:38.116Z - Done responding to the client handleGlob
[NX Daemon Server] - 2024-12-13T16:33:38.116Z - Handled GLOB. Handling time: 0. Response time: 0.
[NX Daemon Server] - 2024-12-13T16:33:38.117Z - [REQUEST]: Responding to the client. handleHashGlob
[NX Daemon Server] - 2024-12-13T16:33:38.117Z - Done responding to the client handleHashGlob
[NX Daemon Server] - 2024-12-13T16:33:38.117Z - Handled HASH_GLOB. Handling time: 0. Response time: 0.
[NX Daemon Server] - 2024-12-13T16:33:38.118Z - [REQUEST]: Responding to the client. handleHashGlob
[NX Daemon Server] - 2024-12-13T16:33:38.118Z - Done responding to the client handleHashGlob
[NX Daemon Server] - 2024-12-13T16:33:38.118Z - Handled HASH_GLOB. Handling time: 1. Response time: 0.
[NX Daemon Server] - 2024-12-13T16:33:38.119Z - [REQUEST]: Responding to the client. handleHashGlob
[NX Daemon Server] - 2024-12-13T16:33:38.119Z - Done responding to the client handleHashGlob
[NX Daemon Server] - 2024-12-13T16:33:38.119Z - Handled HASH_GLOB. Handling time: 0. Response time: 1.
[NX Daemon Server] - 2024-12-13T16:33:38.119Z - Time taken for 'hash changed files from watcher' 0.10400000005029142ms
[NX Daemon Server] - 2024-12-13T16:33:38.119Z - [REQUEST]: Responding to the client. handleHashGlob
[NX Daemon Server] - 2024-12-13T16:33:38.119Z - Done responding to the client handleHashGlob
[NX Daemon Server] - 2024-12-13T16:33:38.119Z - Handled HASH_GLOB. Handling time: 0. Response time: 0.
[NX Daemon Server] - 2024-12-13T16:33:38.120Z - [REQUEST]: Responding to the client. handleHashGlob
[NX Daemon Server] - 2024-12-13T16:33:38.120Z - Done responding to the client handleHashGlob
[NX Daemon Server] - 2024-12-13T16:33:38.120Z - Handled HASH_GLOB. Handling time: 0. Response time: 0.
[NX Daemon Server] - 2024-12-13T16:33:38.121Z - [REQUEST]: Responding to the client. handleHashGlob
[NX Daemon Server] - 2024-12-13T16:33:38.121Z - Done responding to the client handleHashGlob
[NX Daemon Server] - 2024-12-13T16:33:38.121Z - Handled HASH_GLOB. Handling time: 0. Response time: 0.
[NX Daemon Server] - 2024-12-13T16:33:38.122Z - [REQUEST]: Responding to the client. handleHashGlob
[NX Daemon Server] - 2024-12-13T16:33:38.122Z - Done responding to the client handleHashGlob
[NX Daemon Server] - 2024-12-13T16:33:38.122Z - Handled HASH_GLOB. Handling time: 0. Response time: 0.
[NX Daemon Server] - 2024-12-13T16:33:38.123Z - [REQUEST]: Responding to the client. handleHashGlob
[NX Daemon Server] - 2024-12-13T16:33:38.123Z - Done responding to the client handleHashGlob
[NX Daemon Server] - 2024-12-13T16:33:38.123Z - Handled HASH_GLOB. Handling time: 0. Response time: 0.
[NX Daemon Server] - 2024-12-13T16:33:38.124Z - [REQUEST]: Responding to the client. handleHashGlob
[NX Daemon Server] - 2024-12-13T16:33:38.124Z - Done responding to the client handleHashGlob
[NX Daemon Server] - 2024-12-13T16:33:38.124Z - Handled HASH_GLOB. Handling time: 0. Response time: 0.
[NX Daemon Server] - 2024-12-13T16:33:38.125Z - [REQUEST]: Responding to the client. handleHashGlob
[NX Daemon Server] - 2024-12-13T16:33:38.125Z - Done responding to the client handleHashGlob
[NX Daemon Server] - 2024-12-13T16:33:38.125Z - Handled HASH_GLOB. Handling time: 1. Response time: 0.
[NX Daemon Server] - 2024-12-13T16:33:38.132Z - Time taken for 'build-project-configs' 18.57320800004527ms
[NX Daemon Server] - 2024-12-13T16:33:38.135Z - Time taken for '@nx-dotnet/core:createDependencies' 4.892749999882653ms
[NX Daemon Server] - 2024-12-13T16:33:38.135Z - Time taken for '@nx/storybook/plugin:createDependencies' 6.166916999965906ms
[NX Daemon Server] - 2024-12-13T16:33:38.149Z - [SYNC]: collect registered sync generators
[NX Daemon Server] - 2024-12-13T16:33:38.150Z - [SYNC]: project graph hash is the same, not collecting task sync generators
[NX Daemon Server] - 2024-12-13T16:33:38.150Z - [SYNC]: nx.json hash is the same, not collecting global sync generators
[NX Daemon Server] - 2024-12-13T16:33:38.150Z - Time taken for 'total execution time for createProjectGraph()' 15.991083999862894ms
[NX Daemon Server] - 2024-12-13T16:33:39.012Z - [REQUEST]: Client Request for Project Graph Received
[NX Daemon Server] - 2024-12-13T16:33:39.012Z - [REQUEST]: Responding to the client. project-graph
[NX Daemon Server] - 2024-12-13T16:33:39.013Z - Time taken for 'total for creating and serializing project graph' 0.14287499990314245ms
[NX Daemon Server] - 2024-12-13T16:33:39.014Z - Done responding to the client project-graph
[NX Daemon Server] - 2024-12-13T16:33:39.014Z - Handled REQUEST_PROJECT_GRAPH. Handling time: 0. Response time: 2.
[NX Daemon Server] - 2024-12-13T16:33:39.019Z - [REQUEST]: Responding to the client. handleContextFileData
[NX Daemon Server] - 2024-12-13T16:33:39.019Z - Done responding to the client handleContextFileData
[NX Daemon Server] - 2024-12-13T16:33:39.019Z - Handled GET_CONTEXT_FILE_DATA. Handling time: 0. Response time: 0.
[NX Daemon Server] - 2024-12-13T16:33:39.019Z - Closed a connection. Number of open connections: 6
[NX Daemon Server] - 2024-12-13T16:33:39.064Z - Closed a connection. Number of open connections: 5
[NX Daemon Server] - 2024-12-13T16:33:39.068Z - Established a connection. Number of open connections: 6
[NX Daemon Server] - 2024-12-13T16:33:39.068Z - Established a connection. Number of open connections: 7
[NX Daemon Server] - 2024-12-13T16:33:39.068Z - Closed a connection. Number of open connections: 6
[NX Daemon Server] - 2024-12-13T16:33:39.069Z - [REQUEST]: Client Request for Project Graph Received
[NX Daemon Server] - 2024-12-13T16:33:39.069Z - [REQUEST]: Responding to the client. project-graph
[NX Daemon Server] - 2024-12-13T16:33:39.069Z - Time taken for 'total for creating and serializing project graph' 0.15312499995343387ms
[NX Daemon Server] - 2024-12-13T16:33:39.070Z - Done responding to the client project-graph
[NX Daemon Server] - 2024-12-13T16:33:39.070Z - Handled REQUEST_PROJECT_GRAPH. Handling time: 0. Response time: 1.
[NX Daemon Server] - 2024-12-13T16:33:39.074Z - [REQUEST]: Client Request for Project Graph Received
[NX Daemon Server] - 2024-12-13T16:33:39.074Z - [REQUEST]: Responding to the client. project-graph
[NX Daemon Server] - 2024-12-13T16:33:39.074Z - Time taken for 'total for creating and serializing project graph' 0.14733299985527992ms
[NX Daemon Server] - 2024-12-13T16:33:39.075Z - Done responding to the client project-graph
[NX Daemon Server] - 2024-12-13T16:33:39.075Z - Handled REQUEST_PROJECT_GRAPH. Handling time: 0. Response time: 1.
[NX Daemon Server] - 2024-12-13T16:33:39.078Z - Established a connection. Number of open connections: 7
[NX Daemon Server] - 2024-12-13T16:35:49.201Z - [WATCHER]: 0 file(s) created or restored, 2 file(s) modified, 0 file(s) deleted
[NX Daemon Server] - 2024-12-13T16:35:49.201Z - [REQUEST]: Responding to the client. File watch changed
[NX Daemon Server] - 2024-12-13T16:35:49.210Z - Done responding to the client File watch changed
[NX Daemon Server] - 2024-12-13T16:35:49.210Z - Handled FILE-WATCH-CHANGED. Handling time: 0. Response time: 9.
[NX Daemon Server] - 2024-12-13T16:35:49.210Z - [WATCHER]: Processing file changes in outputs
[NX Daemon Server] - 2024-12-13T16:35:49.210Z - Time taken for 'changed-projects' 0.037583000026643276ms
[NX Daemon Server] - 2024-12-13T16:35:49.302Z - [REQUEST]: Updated workspace context based on watched changes, recomputing project graph...
[NX Daemon Server] - 2024-12-13T16:35:49.302Z - [REQUEST]: tsconfig.base.json,libs/shared-components/tsconfig.lib.json
[NX Daemon Server] - 2024-12-13T16:35:49.302Z - [REQUEST]: 
[NX Daemon Server] - 2024-12-13T16:35:49.308Z - [REQUEST]: Responding to the client. handleHashGlob
[NX Daemon Server] - 2024-12-13T16:35:49.308Z - Done responding to the client handleHashGlob
[NX Daemon Server] - 2024-12-13T16:35:49.308Z - Handled HASH_GLOB. Handling time: 0. Response time: 0.
[NX Daemon Server] - 2024-12-13T16:35:49.309Z - [REQUEST]: Responding to the client. handleGlob
[NX Daemon Server] - 2024-12-13T16:35:49.309Z - Done responding to the client handleGlob
[NX Daemon Server] - 2024-12-13T16:35:49.309Z - Handled GLOB. Handling time: 1. Response time: 0.
[NX Daemon Server] - 2024-12-13T16:35:49.309Z - [REQUEST]: Responding to the client. handleHashGlob
[NX Daemon Server] - 2024-12-13T16:35:49.309Z - Done responding to the client handleHashGlob
[NX Daemon Server] - 2024-12-13T16:35:49.309Z - Handled HASH_GLOB. Handling time: 0. Response time: 0.
[NX Daemon Server] - 2024-12-13T16:35:49.310Z - [REQUEST]: Responding to the client. handleHashGlob
[NX Daemon Server] - 2024-12-13T16:35:49.310Z - Done responding to the client handleHashGlob
[NX Daemon Server] - 2024-12-13T16:35:49.310Z - Handled HASH_GLOB. Handling time: 0. Response time: 0.
[NX Daemon Server] - 2024-12-13T16:35:49.311Z - [REQUEST]: Responding to the client. handleHashGlob
[NX Daemon Server] - 2024-12-13T16:35:49.311Z - Done responding to the client handleHashGlob
[NX Daemon Server] - 2024-12-13T16:35:49.311Z - Handled HASH_GLOB. Handling time: 1. Response time: 0.
[NX Daemon Server] - 2024-12-13T16:35:49.311Z - Time taken for 'hash changed files from watcher' 0.14624999999068677ms
[NX Daemon Server] - 2024-12-13T16:35:49.311Z - [REQUEST]: Responding to the client. handleHashGlob
[NX Daemon Server] - 2024-12-13T16:35:49.311Z - Done responding to the client handleHashGlob
[NX Daemon Server] - 2024-12-13T16:35:49.311Z - Handled HASH_GLOB. Handling time: 0. Response time: 0.
[NX Daemon Server] - 2024-12-13T16:35:49.312Z - [REQUEST]: Responding to the client. handleHashGlob
[NX Daemon Server] - 2024-12-13T16:35:49.312Z - Done responding to the client handleHashGlob
[NX Daemon Server] - 2024-12-13T16:35:49.312Z - Handled HASH_GLOB. Handling time: 0. Response time: 0.
[NX Daemon Server] - 2024-12-13T16:35:49.313Z - [REQUEST]: Responding to the client. handleHashGlob
[NX Daemon Server] - 2024-12-13T16:35:49.313Z - Done responding to the client handleHashGlob
[NX Daemon Server] - 2024-12-13T16:35:49.313Z - Handled HASH_GLOB. Handling time: 1. Response time: 0.
[NX Daemon Server] - 2024-12-13T16:35:49.314Z - [REQUEST]: Responding to the client. handleHashGlob
[NX Daemon Server] - 2024-12-13T16:35:49.314Z - Done responding to the client handleHashGlob
[NX Daemon Server] - 2024-12-13T16:35:49.314Z - Handled HASH_GLOB. Handling time: 1. Response time: 0.
[NX Daemon Server] - 2024-12-13T16:35:49.318Z - [REQUEST]: Responding to the client. handleHashGlob
[NX Daemon Server] - 2024-12-13T16:35:49.318Z - Done responding to the client handleHashGlob
[NX Daemon Server] - 2024-12-13T16:35:49.318Z - Handled HASH_GLOB. Handling time: 1. Response time: 0.
[NX Daemon Server] - 2024-12-13T16:35:49.318Z - [REQUEST]: Responding to the client. handleHashGlob
[NX Daemon Server] - 2024-12-13T16:35:49.318Z - Done responding to the client handleHashGlob
[NX Daemon Server] - 2024-12-13T16:35:49.318Z - Handled HASH_GLOB. Handling time: 0. Response time: 0.
[NX Daemon Server] - 2024-12-13T16:35:49.319Z - [REQUEST]: Responding to the client. handleHashGlob
[NX Daemon Server] - 2024-12-13T16:35:49.319Z - Done responding to the client handleHashGlob
[NX Daemon Server] - 2024-12-13T16:35:49.319Z - Handled HASH_GLOB. Handling time: 0. Response time: 0.
[NX Daemon Server] - 2024-12-13T16:35:49.329Z - Time taken for 'build-project-configs' 22.19241699995473ms
[NX Daemon Server] - 2024-12-13T16:35:49.333Z - Time taken for '@nx-dotnet/core:createDependencies' 6.118125000037253ms
[NX Daemon Server] - 2024-12-13T16:35:49.334Z - Time taken for '@nx/storybook/plugin:createDependencies' 7.794375000055879ms
[NX Daemon Server] - 2024-12-13T16:35:49.356Z - [SYNC]: collect registered sync generators
[NX Daemon Server] - 2024-12-13T16:35:49.356Z - [SYNC]: project graph hash is the same, not collecting task sync generators
[NX Daemon Server] - 2024-12-13T16:35:49.356Z - [SYNC]: nx.json hash is the same, not collecting global sync generators
[NX Daemon Server] - 2024-12-13T16:35:49.356Z - Time taken for 'total execution time for createProjectGraph()' 24.619375000009313ms
[NX Daemon Server] - 2024-12-13T16:35:50.213Z - [REQUEST]: Client Request for Project Graph Received
[NX Daemon Server] - 2024-12-13T16:35:50.214Z - [REQUEST]: Responding to the client. project-graph
[NX Daemon Server] - 2024-12-13T16:35:50.214Z - Time taken for 'total for creating and serializing project graph' 0.15516700013540685ms
[NX Daemon Server] - 2024-12-13T16:35:50.215Z - Done responding to the client project-graph
[NX Daemon Server] - 2024-12-13T16:35:50.215Z - Handled REQUEST_PROJECT_GRAPH. Handling time: 1. Response time: 1.
[NX Daemon Server] - 2024-12-13T16:35:50.218Z - [REQUEST]: Responding to the client. handleContextFileData
[NX Daemon Server] - 2024-12-13T16:35:50.218Z - Done responding to the client handleContextFileData
[NX Daemon Server] - 2024-12-13T16:35:50.218Z - Handled GET_CONTEXT_FILE_DATA. Handling time: 0. Response time: 0.
[NX Daemon Server] - 2024-12-13T16:35:50.218Z - Closed a connection. Number of open connections: 6
[NX Daemon Server] - 2024-12-13T16:35:50.255Z - Closed a connection. Number of open connections: 5
[NX Daemon Server] - 2024-12-13T16:35:50.257Z - Established a connection. Number of open connections: 6
[NX Daemon Server] - 2024-12-13T16:35:50.257Z - Closed a connection. Number of open connections: 5
[NX Daemon Server] - 2024-12-13T16:35:50.257Z - Established a connection. Number of open connections: 6
[NX Daemon Server] - 2024-12-13T16:35:50.257Z - [REQUEST]: Client Request for Project Graph Received
[NX Daemon Server] - 2024-12-13T16:35:50.257Z - [REQUEST]: Responding to the client. project-graph
[NX Daemon Server] - 2024-12-13T16:35:50.258Z - Time taken for 'total for creating and serializing project graph' 0.10766700003296137ms
[NX Daemon Server] - 2024-12-13T16:35:50.261Z - Done responding to the client project-graph
[NX Daemon Server] - 2024-12-13T16:35:50.261Z - Handled REQUEST_PROJECT_GRAPH. Handling time: 0. Response time: 4.
[NX Daemon Server] - 2024-12-13T16:35:50.264Z - [REQUEST]: Client Request for Project Graph Received
[NX Daemon Server] - 2024-12-13T16:35:50.265Z - [REQUEST]: Responding to the client. project-graph
[NX Daemon Server] - 2024-12-13T16:35:50.265Z - Time taken for 'total for creating and serializing project graph' 0.12749999994412065ms
[NX Daemon Server] - 2024-12-13T16:35:50.266Z - Done responding to the client project-graph
[NX Daemon Server] - 2024-12-13T16:35:50.266Z - Handled REQUEST_PROJECT_GRAPH. Handling time: 1. Response time: 1.
[NX Daemon Server] - 2024-12-13T16:35:50.269Z - Established a connection. Number of open connections: 7
[NX Daemon Server] - 2024-12-13T16:37:21.401Z - [WATCHER]: types/@mui/index.d.ts was modified
[NX Daemon Server] - 2024-12-13T16:37:21.402Z - [REQUEST]: Responding to the client. File watch changed
[NX Daemon Server] - 2024-12-13T16:37:21.402Z - Done responding to the client File watch changed
[NX Daemon Server] - 2024-12-13T16:37:21.402Z - Handled FILE-WATCH-CHANGED. Handling time: 0. Response time: 0.
[NX Daemon Server] - 2024-12-13T16:37:21.402Z - [WATCHER]: Processing file changes in outputs
[NX Daemon Server] - 2024-12-13T16:37:21.402Z - Time taken for 'changed-projects' 0.0381249999627471ms
[NX Daemon Server] - 2024-12-13T16:37:21.502Z - [REQUEST]: Updated workspace context based on watched changes, recomputing project graph...
[NX Daemon Server] - 2024-12-13T16:37:21.502Z - [REQUEST]: types/@mui/index.d.ts
[NX Daemon Server] - 2024-12-13T16:37:21.502Z - [REQUEST]: 
[NX Daemon Server] - 2024-12-13T16:37:21.508Z - [REQUEST]: Responding to the client. handleHashGlob
[NX Daemon Server] - 2024-12-13T16:37:21.508Z - Done responding to the client handleHashGlob
[NX Daemon Server] - 2024-12-13T16:37:21.508Z - Handled HASH_GLOB. Handling time: 0. Response time: 0.
[NX Daemon Server] - 2024-12-13T16:37:21.509Z - [REQUEST]: Responding to the client. handleGlob
[NX Daemon Server] - 2024-12-13T16:37:21.509Z - Done responding to the client handleGlob
[NX Daemon Server] - 2024-12-13T16:37:21.509Z - Handled GLOB. Handling time: 0. Response time: 0.
[NX Daemon Server] - 2024-12-13T16:37:21.510Z - [REQUEST]: Responding to the client. handleHashGlob
[NX Daemon Server] - 2024-12-13T16:37:21.510Z - Done responding to the client handleHashGlob
[NX Daemon Server] - 2024-12-13T16:37:21.510Z - Handled HASH_GLOB. Handling time: 1. Response time: 0.
[NX Daemon Server] - 2024-12-13T16:37:21.510Z - [REQUEST]: Responding to the client. handleHashGlob
[NX Daemon Server] - 2024-12-13T16:37:21.510Z - Done responding to the client handleHashGlob
[NX Daemon Server] - 2024-12-13T16:37:21.510Z - Handled HASH_GLOB. Handling time: 0. Response time: 0.
[NX Daemon Server] - 2024-12-13T16:37:21.511Z - [REQUEST]: Responding to the client. handleHashGlob
[NX Daemon Server] - 2024-12-13T16:37:21.511Z - Done responding to the client handleHashGlob
[NX Daemon Server] - 2024-12-13T16:37:21.511Z - Handled HASH_GLOB. Handling time: 0. Response time: 0.
[NX Daemon Server] - 2024-12-13T16:37:21.511Z - Time taken for 'hash changed files from watcher' 0.11204100004397333ms
[NX Daemon Server] - 2024-12-13T16:37:21.512Z - [REQUEST]: Responding to the client. handleHashGlob
[NX Daemon Server] - 2024-12-13T16:37:21.512Z - Done responding to the client handleHashGlob
[NX Daemon Server] - 2024-12-13T16:37:21.512Z - Handled HASH_GLOB. Handling time: 1. Response time: 0.
[NX Daemon Server] - 2024-12-13T16:37:21.512Z - [REQUEST]: Responding to the client. handleHashGlob
[NX Daemon Server] - 2024-12-13T16:37:21.512Z - Done responding to the client handleHashGlob
[NX Daemon Server] - 2024-12-13T16:37:21.512Z - Handled HASH_GLOB. Handling time: 0. Response time: 0.
[NX Daemon Server] - 2024-12-13T16:37:21.513Z - [REQUEST]: Responding to the client. handleHashGlob
[NX Daemon Server] - 2024-12-13T16:37:21.514Z - Done responding to the client handleHashGlob
[NX Daemon Server] - 2024-12-13T16:37:21.514Z - Handled HASH_GLOB. Handling time: 0. Response time: 1.
[NX Daemon Server] - 2024-12-13T16:37:21.514Z - [REQUEST]: Responding to the client. handleHashGlob
[NX Daemon Server] - 2024-12-13T16:37:21.514Z - Done responding to the client handleHashGlob
[NX Daemon Server] - 2024-12-13T16:37:21.514Z - Handled HASH_GLOB. Handling time: 0. Response time: 0.
[NX Daemon Server] - 2024-12-13T16:37:21.515Z - [REQUEST]: Responding to the client. handleHashGlob
[NX Daemon Server] - 2024-12-13T16:37:21.515Z - Done responding to the client handleHashGlob
[NX Daemon Server] - 2024-12-13T16:37:21.515Z - Handled HASH_GLOB. Handling time: 0. Response time: 0.
[NX Daemon Server] - 2024-12-13T16:37:21.516Z - [REQUEST]: Responding to the client. handleHashGlob
[NX Daemon Server] - 2024-12-13T16:37:21.516Z - Done responding to the client handleHashGlob
[NX Daemon Server] - 2024-12-13T16:37:21.516Z - Handled HASH_GLOB. Handling time: 0. Response time: 0.
[NX Daemon Server] - 2024-12-13T16:37:21.516Z - [REQUEST]: Responding to the client. handleHashGlob
[NX Daemon Server] - 2024-12-13T16:37:21.516Z - Done responding to the client handleHashGlob
[NX Daemon Server] - 2024-12-13T16:37:21.516Z - Handled HASH_GLOB. Handling time: 0. Response time: 0.
[NX Daemon Server] - 2024-12-13T16:37:21.525Z - Time taken for 'build-project-configs' 18.149207999929786ms
[NX Daemon Server] - 2024-12-13T16:37:21.525Z - [WATCHER]: types/@mui/index.d.ts was modified
[NX Daemon Server] - 2024-12-13T16:37:21.525Z - [REQUEST]: Responding to the client. File watch changed
[NX Daemon Server] - 2024-12-13T16:37:21.526Z - Done responding to the client File watch changed
[NX Daemon Server] - 2024-12-13T16:37:21.526Z - Handled FILE-WATCH-CHANGED. Handling time: 0. Response time: 1.
[NX Daemon Server] - 2024-12-13T16:37:21.526Z - [WATCHER]: Processing file changes in outputs
[NX Daemon Server] - 2024-12-13T16:37:21.526Z - Time taken for 'changed-projects' 0.015750000020489097ms
[NX Daemon Server] - 2024-12-13T16:37:21.528Z - Time taken for '@nx-dotnet/core:createDependencies' 5.171125000109896ms
[NX Daemon Server] - 2024-12-13T16:37:21.529Z - Time taken for '@nx/storybook/plugin:createDependencies' 6.471250000176951ms
[NX Daemon Server] - 2024-12-13T16:37:21.542Z - [SYNC]: collect registered sync generators
[NX Daemon Server] - 2024-12-13T16:37:21.542Z - [SYNC]: project graph hash is the same, not collecting task sync generators
[NX Daemon Server] - 2024-12-13T16:37:21.542Z - [SYNC]: nx.json hash is the same, not collecting global sync generators
[NX Daemon Server] - 2024-12-13T16:37:21.542Z - Time taken for 'total execution time for createProjectGraph()' 15.798166000051424ms
[NX Daemon Server] - 2024-12-13T16:37:21.725Z - [REQUEST]: Updated workspace context based on watched changes, recomputing project graph...
[NX Daemon Server] - 2024-12-13T16:37:21.725Z - [REQUEST]: types/@mui/index.d.ts
[NX Daemon Server] - 2024-12-13T16:37:21.726Z - [REQUEST]: 
[NX Daemon Server] - 2024-12-13T16:37:21.732Z - [REQUEST]: Responding to the client. handleHashGlob
[NX Daemon Server] - 2024-12-13T16:37:21.732Z - Done responding to the client handleHashGlob
[NX Daemon Server] - 2024-12-13T16:37:21.732Z - Handled HASH_GLOB. Handling time: 0. Response time: 0.
[NX Daemon Server] - 2024-12-13T16:37:21.733Z - [REQUEST]: Responding to the client. handleGlob
[NX Daemon Server] - 2024-12-13T16:37:21.733Z - Done responding to the client handleGlob
[NX Daemon Server] - 2024-12-13T16:37:21.733Z - Handled GLOB. Handling time: 1. Response time: 0.
[NX Daemon Server] - 2024-12-13T16:37:21.733Z - [REQUEST]: Responding to the client. handleHashGlob
[NX Daemon Server] - 2024-12-13T16:37:21.734Z - Done responding to the client handleHashGlob
[NX Daemon Server] - 2024-12-13T16:37:21.734Z - Handled HASH_GLOB. Handling time: 0. Response time: 1.
[NX Daemon Server] - 2024-12-13T16:37:21.734Z - [REQUEST]: Responding to the client. handleHashGlob
[NX Daemon Server] - 2024-12-13T16:37:21.734Z - Done responding to the client handleHashGlob
[NX Daemon Server] - 2024-12-13T16:37:21.734Z - Handled HASH_GLOB. Handling time: 0. Response time: 0.
[NX Daemon Server] - 2024-12-13T16:37:21.735Z - [REQUEST]: Responding to the client. handleHashGlob
[NX Daemon Server] - 2024-12-13T16:37:21.735Z - Done responding to the client handleHashGlob
[NX Daemon Server] - 2024-12-13T16:37:21.735Z - Handled HASH_GLOB. Handling time: 0. Response time: 0.
[NX Daemon Server] - 2024-12-13T16:37:21.735Z - Time taken for 'hash changed files from watcher' 0.14608400012366474ms
[NX Daemon Server] - 2024-12-13T16:37:21.736Z - [REQUEST]: Responding to the client. handleHashGlob
[NX Daemon Server] - 2024-12-13T16:37:21.736Z - Done responding to the client handleHashGlob
[NX Daemon Server] - 2024-12-13T16:37:21.736Z - Handled HASH_GLOB. Handling time: 1. Response time: 0.
[NX Daemon Server] - 2024-12-13T16:37:21.737Z - [REQUEST]: Responding to the client. handleHashGlob
[NX Daemon Server] - 2024-12-13T16:37:21.737Z - Done responding to the client handleHashGlob
[NX Daemon Server] - 2024-12-13T16:37:21.737Z - Handled HASH_GLOB. Handling time: 1. Response time: 0.
[NX Daemon Server] - 2024-12-13T16:37:21.737Z - [REQUEST]: Responding to the client. handleHashGlob
[NX Daemon Server] - 2024-12-13T16:37:21.737Z - Done responding to the client handleHashGlob
[NX Daemon Server] - 2024-12-13T16:37:21.737Z - Handled HASH_GLOB. Handling time: 0. Response time: 0.
[NX Daemon Server] - 2024-12-13T16:37:21.738Z - [REQUEST]: Responding to the client. handleHashGlob
[NX Daemon Server] - 2024-12-13T16:37:21.738Z - Done responding to the client handleHashGlob
[NX Daemon Server] - 2024-12-13T16:37:21.738Z - Handled HASH_GLOB. Handling time: 0. Response time: 0.
[NX Daemon Server] - 2024-12-13T16:37:21.739Z - [REQUEST]: Responding to the client. handleHashGlob
[NX Daemon Server] - 2024-12-13T16:37:21.739Z - Done responding to the client handleHashGlob
[NX Daemon Server] - 2024-12-13T16:37:21.739Z - Handled HASH_GLOB. Handling time: 1. Response time: 0.
[NX Daemon Server] - 2024-12-13T16:37:21.739Z - [REQUEST]: Responding to the client. handleHashGlob
[NX Daemon Server] - 2024-12-13T16:37:21.739Z - Done responding to the client handleHashGlob
[NX Daemon Server] - 2024-12-13T16:37:21.739Z - Handled HASH_GLOB. Handling time: 0. Response time: 0.
[NX Daemon Server] - 2024-12-13T16:37:21.740Z - [REQUEST]: Responding to the client. handleHashGlob
[NX Daemon Server] - 2024-12-13T16:37:21.740Z - Done responding to the client handleHashGlob
[NX Daemon Server] - 2024-12-13T16:37:21.740Z - Handled HASH_GLOB. Handling time: 0. Response time: 0.
[NX Daemon Server] - 2024-12-13T16:37:21.747Z - Time taken for 'build-project-configs' 16.831000000005588ms
[NX Daemon Server] - 2024-12-13T16:37:21.749Z - Time taken for '@nx-dotnet/core:createDependencies' 4.609292000066489ms
[NX Daemon Server] - 2024-12-13T16:37:21.750Z - Time taken for '@nx/storybook/plugin:createDependencies' 5.833082999801263ms
[NX Daemon Server] - 2024-12-13T16:37:21.763Z - [SYNC]: collect registered sync generators
[NX Daemon Server] - 2024-12-13T16:37:21.763Z - [SYNC]: project graph hash is the same, not collecting task sync generators
[NX Daemon Server] - 2024-12-13T16:37:21.763Z - [SYNC]: nx.json hash is the same, not collecting global sync generators
[NX Daemon Server] - 2024-12-13T16:37:21.763Z - Time taken for 'total execution time for createProjectGraph()' 13.878624999895692ms
[NX Daemon Server] - 2024-12-13T16:37:22.529Z - [REQUEST]: Client Request for Project Graph Received
[NX Daemon Server] - 2024-12-13T16:37:22.529Z - [REQUEST]: Responding to the client. project-graph
[NX Daemon Server] - 2024-12-13T16:37:22.529Z - Time taken for 'total for creating and serializing project graph' 0.3043750000651926ms
[NX Daemon Server] - 2024-12-13T16:37:22.531Z - Done responding to the client project-graph
[NX Daemon Server] - 2024-12-13T16:37:22.531Z - Handled REQUEST_PROJECT_GRAPH. Handling time: 0. Response time: 2.
[NX Daemon Server] - 2024-12-13T16:37:22.536Z - [REQUEST]: Responding to the client. handleContextFileData
[NX Daemon Server] - 2024-12-13T16:37:22.536Z - Done responding to the client handleContextFileData
[NX Daemon Server] - 2024-12-13T16:37:22.536Z - Handled GET_CONTEXT_FILE_DATA. Handling time: 1. Response time: 0.
[NX Daemon Server] - 2024-12-13T16:37:22.536Z - Closed a connection. Number of open connections: 6
[NX Daemon Server] - 2024-12-13T16:37:22.580Z - Closed a connection. Number of open connections: 5
[NX Daemon Server] - 2024-12-13T16:37:22.580Z - Established a connection. Number of open connections: 6
[NX Daemon Server] - 2024-12-13T16:37:22.580Z - Established a connection. Number of open connections: 7
[NX Daemon Server] - 2024-12-13T16:37:22.580Z - Closed a connection. Number of open connections: 6
[NX Daemon Server] - 2024-12-13T16:37:22.581Z - [REQUEST]: Client Request for Project Graph Received
[NX Daemon Server] - 2024-12-13T16:37:22.581Z - [REQUEST]: Responding to the client. project-graph
[NX Daemon Server] - 2024-12-13T16:37:22.581Z - Time taken for 'total for creating and serializing project graph' 0.09504100005142391ms
[NX Daemon Server] - 2024-12-13T16:37:22.582Z - Done responding to the client project-graph
[NX Daemon Server] - 2024-12-13T16:37:22.582Z - Handled REQUEST_PROJECT_GRAPH. Handling time: 0. Response time: 1.
[NX Daemon Server] - 2024-12-13T16:37:22.585Z - [REQUEST]: Client Request for Project Graph Received
[NX Daemon Server] - 2024-12-13T16:37:22.585Z - [REQUEST]: Responding to the client. project-graph
[NX Daemon Server] - 2024-12-13T16:37:22.586Z - Time taken for 'total for creating and serializing project graph' 0.060917000053450465ms
[NX Daemon Server] - 2024-12-13T16:37:22.586Z - Done responding to the client project-graph
[NX Daemon Server] - 2024-12-13T16:37:22.586Z - Handled REQUEST_PROJECT_GRAPH. Handling time: 0. Response time: 1.
[NX Daemon Server] - 2024-12-13T16:37:22.589Z - Established a connection. Number of open connections: 7
[NX Daemon Server] - 2024-12-13T16:38:00.223Z - [WATCHER]: libs/shared-components/src/lib/custom-datagrid/custom-data-grid.tsx was modified
[NX Daemon Server] - 2024-12-13T16:38:00.223Z - [REQUEST]: Responding to the client. File watch changed
[NX Daemon Server] - 2024-12-13T16:38:00.224Z - Done responding to the client File watch changed
[NX Daemon Server] - 2024-12-13T16:38:00.224Z - Handled FILE-WATCH-CHANGED. Handling time: 0. Response time: 1.
[NX Daemon Server] - 2024-12-13T16:38:00.224Z - [WATCHER]: Processing file changes in outputs
[NX Daemon Server] - 2024-12-13T16:38:00.224Z - Time taken for 'changed-projects' 0.1291250002104789ms
[NX Daemon Server] - 2024-12-13T16:38:00.324Z - [REQUEST]: Updated workspace context based on watched changes, recomputing project graph...
[NX Daemon Server] - 2024-12-13T16:38:00.324Z - [REQUEST]: libs/shared-components/src/lib/custom-datagrid/custom-data-grid.tsx
[NX Daemon Server] - 2024-12-13T16:38:00.324Z - [REQUEST]: 
[NX Daemon Server] - 2024-12-13T16:38:00.332Z - [REQUEST]: Responding to the client. handleHashGlob
[NX Daemon Server] - 2024-12-13T16:38:00.332Z - Done responding to the client handleHashGlob
[NX Daemon Server] - 2024-12-13T16:38:00.332Z - Handled HASH_GLOB. Handling time: 1. Response time: 0.
[NX Daemon Server] - 2024-12-13T16:38:00.332Z - [REQUEST]: Responding to the client. handleGlob
[NX Daemon Server] - 2024-12-13T16:38:00.332Z - Done responding to the client handleGlob
[NX Daemon Server] - 2024-12-13T16:38:00.332Z - Handled GLOB. Handling time: 0. Response time: 0.
[NX Daemon Server] - 2024-12-13T16:38:00.333Z - [REQUEST]: Responding to the client. handleHashGlob
[NX Daemon Server] - 2024-12-13T16:38:00.333Z - Done responding to the client handleHashGlob
[NX Daemon Server] - 2024-12-13T16:38:00.333Z - Handled HASH_GLOB. Handling time: 0. Response time: 0.
[NX Daemon Server] - 2024-12-13T16:38:00.334Z - [REQUEST]: Responding to the client. handleHashGlob
[NX Daemon Server] - 2024-12-13T16:38:00.334Z - Done responding to the client handleHashGlob
[NX Daemon Server] - 2024-12-13T16:38:00.334Z - Handled HASH_GLOB. Handling time: 1. Response time: 0.
[NX Daemon Server] - 2024-12-13T16:38:00.334Z - [REQUEST]: Responding to the client. handleHashGlob
[NX Daemon Server] - 2024-12-13T16:38:00.334Z - Done responding to the client handleHashGlob
[NX Daemon Server] - 2024-12-13T16:38:00.334Z - Handled HASH_GLOB. Handling time: 0. Response time: 0.
[NX Daemon Server] - 2024-12-13T16:38:00.334Z - Time taken for 'hash changed files from watcher' 0.15500000002793968ms
[NX Daemon Server] - 2024-12-13T16:38:00.335Z - [REQUEST]: Responding to the client. handleHashGlob
[NX Daemon Server] - 2024-12-13T16:38:00.335Z - Done responding to the client handleHashGlob
[NX Daemon Server] - 2024-12-13T16:38:00.335Z - Handled HASH_GLOB. Handling time: 0. Response time: 0.
[NX Daemon Server] - 2024-12-13T16:38:00.335Z - [REQUEST]: Responding to the client. handleHashGlob
[NX Daemon Server] - 2024-12-13T16:38:00.336Z - Done responding to the client handleHashGlob
[NX Daemon Server] - 2024-12-13T16:38:00.336Z - Handled HASH_GLOB. Handling time: 0. Response time: 1.
[NX Daemon Server] - 2024-12-13T16:38:00.337Z - [REQUEST]: Responding to the client. handleHashGlob
[NX Daemon Server] - 2024-12-13T16:38:00.337Z - Done responding to the client handleHashGlob
[NX Daemon Server] - 2024-12-13T16:38:00.337Z - Handled HASH_GLOB. Handling time: 1. Response time: 0.
[NX Daemon Server] - 2024-12-13T16:38:00.337Z - [REQUEST]: Responding to the client. handleHashGlob
[NX Daemon Server] - 2024-12-13T16:38:00.337Z - Done responding to the client handleHashGlob
[NX Daemon Server] - 2024-12-13T16:38:00.337Z - Handled HASH_GLOB. Handling time: 0. Response time: 0.
[NX Daemon Server] - 2024-12-13T16:38:00.341Z - [REQUEST]: Responding to the client. handleHashGlob
[NX Daemon Server] - 2024-12-13T16:38:00.341Z - Done responding to the client handleHashGlob
[NX Daemon Server] - 2024-12-13T16:38:00.341Z - Handled HASH_GLOB. Handling time: 0. Response time: 0.
[NX Daemon Server] - 2024-12-13T16:38:00.342Z - [REQUEST]: Responding to the client. handleHashGlob
[NX Daemon Server] - 2024-12-13T16:38:00.342Z - Done responding to the client handleHashGlob
[NX Daemon Server] - 2024-12-13T16:38:00.342Z - Handled HASH_GLOB. Handling time: 1. Response time: 0.
[NX Daemon Server] - 2024-12-13T16:38:00.342Z - [REQUEST]: Responding to the client. handleHashGlob
[NX Daemon Server] - 2024-12-13T16:38:00.342Z - Done responding to the client handleHashGlob
[NX Daemon Server] - 2024-12-13T16:38:00.342Z - Handled HASH_GLOB. Handling time: 0. Response time: 0.
[NX Daemon Server] - 2024-12-13T16:38:00.351Z - Time taken for 'build-project-configs' 22.686666999943554ms
[NX Daemon Server] - 2024-12-13T16:38:00.354Z - Time taken for '@nx-dotnet/core:createDependencies' 4.821791999973357ms
[NX Daemon Server] - 2024-12-13T16:38:00.354Z - Time taken for '@nx/storybook/plugin:createDependencies' 5.909583000000566ms
[NX Daemon Server] - 2024-12-13T16:38:00.378Z - [SYNC]: collect registered sync generators
[NX Daemon Server] - 2024-12-13T16:38:00.378Z - [SYNC]: project graph hash is the same, not collecting task sync generators
[NX Daemon Server] - 2024-12-13T16:38:00.378Z - [SYNC]: nx.json hash is the same, not collecting global sync generators
[NX Daemon Server] - 2024-12-13T16:38:00.378Z - Time taken for 'total execution time for createProjectGraph()' 26.16845800005831ms
[NX Daemon Server] - 2024-12-13T16:38:01.227Z - [REQUEST]: Client Request for Project Graph Received
[NX Daemon Server] - 2024-12-13T16:38:01.227Z - [REQUEST]: Responding to the client. project-graph
[NX Daemon Server] - 2024-12-13T16:38:01.228Z - Time taken for 'total for creating and serializing project graph' 0.20387499989010394ms
[NX Daemon Server] - 2024-12-13T16:38:01.228Z - Done responding to the client project-graph
[NX Daemon Server] - 2024-12-13T16:38:01.229Z - Handled REQUEST_PROJECT_GRAPH. Handling time: 0. Response time: 2.
[NX Daemon Server] - 2024-12-13T16:38:01.233Z - [REQUEST]: Responding to the client. handleContextFileData
[NX Daemon Server] - 2024-12-13T16:38:01.233Z - Done responding to the client handleContextFileData
[NX Daemon Server] - 2024-12-13T16:38:01.233Z - Handled GET_CONTEXT_FILE_DATA. Handling time: 0. Response time: 0.
[NX Daemon Server] - 2024-12-13T16:38:01.234Z - Closed a connection. Number of open connections: 6
[NX Daemon Server] - 2024-12-13T16:38:01.273Z - Closed a connection. Number of open connections: 5
[NX Daemon Server] - 2024-12-13T16:38:01.273Z - Established a connection. Number of open connections: 6
[NX Daemon Server] - 2024-12-13T16:38:01.273Z - Closed a connection. Number of open connections: 5
[NX Daemon Server] - 2024-12-13T16:38:01.273Z - Established a connection. Number of open connections: 6
[NX Daemon Server] - 2024-12-13T16:38:01.274Z - [REQUEST]: Client Request for Project Graph Received
[NX Daemon Server] - 2024-12-13T16:38:01.274Z - [REQUEST]: Responding to the client. project-graph
[NX Daemon Server] - 2024-12-13T16:38:01.274Z - Time taken for 'total for creating and serializing project graph' 0.10008300002664328ms
[NX Daemon Server] - 2024-12-13T16:38:01.275Z - Done responding to the client project-graph
[NX Daemon Server] - 2024-12-13T16:38:01.275Z - Handled REQUEST_PROJECT_GRAPH. Handling time: 0. Response time: 1.
[NX Daemon Server] - 2024-12-13T16:38:01.279Z - [REQUEST]: Client Request for Project Graph Received
[NX Daemon Server] - 2024-12-13T16:38:01.279Z - [REQUEST]: Responding to the client. project-graph
[NX Daemon Server] - 2024-12-13T16:38:01.279Z - Time taken for 'total for creating and serializing project graph' 0.08624999993480742ms
[NX Daemon Server] - 2024-12-13T16:38:01.286Z - Done responding to the client project-graph
[NX Daemon Server] - 2024-12-13T16:38:01.286Z - Handled REQUEST_PROJECT_GRAPH. Handling time: 0. Response time: 7.
[NX Daemon Server] - 2024-12-13T16:38:01.289Z - Established a connection. Number of open connections: 7
[NX Daemon Server] - 2024-12-13T16:38:05.807Z - [WATCHER]: libs/shared-components/src/lib/custom-datagrid/custom-data-grid.tsx was modified
[NX Daemon Server] - 2024-12-13T16:38:05.807Z - [REQUEST]: Responding to the client. File watch changed
[NX Daemon Server] - 2024-12-13T16:38:05.807Z - Done responding to the client File watch changed
[NX Daemon Server] - 2024-12-13T16:38:05.807Z - Handled FILE-WATCH-CHANGED. Handling time: 0. Response time: 0.
[NX Daemon Server] - 2024-12-13T16:38:05.807Z - [WATCHER]: Processing file changes in outputs
[NX Daemon Server] - 2024-12-13T16:38:05.807Z - Time taken for 'changed-projects' 0.02258300012908876ms
[NX Daemon Server] - 2024-12-13T16:38:05.908Z - [REQUEST]: Updated workspace context based on watched changes, recomputing project graph...
[NX Daemon Server] - 2024-12-13T16:38:05.908Z - [REQUEST]: libs/shared-components/src/lib/custom-datagrid/custom-data-grid.tsx
[NX Daemon Server] - 2024-12-13T16:38:05.908Z - [REQUEST]: 
[NX Daemon Server] - 2024-12-13T16:38:05.914Z - [REQUEST]: Responding to the client. handleHashGlob
[NX Daemon Server] - 2024-12-13T16:38:05.914Z - Done responding to the client handleHashGlob
[NX Daemon Server] - 2024-12-13T16:38:05.914Z - Handled HASH_GLOB. Handling time: 0. Response time: 0.
[NX Daemon Server] - 2024-12-13T16:38:05.915Z - [REQUEST]: Responding to the client. handleGlob
[NX Daemon Server] - 2024-12-13T16:38:05.915Z - Done responding to the client handleGlob
[NX Daemon Server] - 2024-12-13T16:38:05.915Z - Handled GLOB. Handling time: 0. Response time: 0.
[NX Daemon Server] - 2024-12-13T16:38:05.916Z - [REQUEST]: Responding to the client. handleHashGlob
[NX Daemon Server] - 2024-12-13T16:38:05.916Z - Done responding to the client handleHashGlob
[NX Daemon Server] - 2024-12-13T16:38:05.916Z - Handled HASH_GLOB. Handling time: 1. Response time: 0.
[NX Daemon Server] - 2024-12-13T16:38:05.916Z - [REQUEST]: Responding to the client. handleHashGlob
[NX Daemon Server] - 2024-12-13T16:38:05.916Z - Done responding to the client handleHashGlob
[NX Daemon Server] - 2024-12-13T16:38:05.916Z - Handled HASH_GLOB. Handling time: 0. Response time: 0.
[NX Daemon Server] - 2024-12-13T16:38:05.917Z - [REQUEST]: Responding to the client. handleHashGlob
[NX Daemon Server] - 2024-12-13T16:38:05.917Z - Done responding to the client handleHashGlob
[NX Daemon Server] - 2024-12-13T16:38:05.917Z - Handled HASH_GLOB. Handling time: 1. Response time: 0.
[NX Daemon Server] - 2024-12-13T16:38:05.917Z - Time taken for 'hash changed files from watcher' 0.1586250001564622ms
[NX Daemon Server] - 2024-12-13T16:38:05.917Z - [REQUEST]: Responding to the client. handleHashGlob
[NX Daemon Server] - 2024-12-13T16:38:05.917Z - Done responding to the client handleHashGlob
[NX Daemon Server] - 2024-12-13T16:38:05.917Z - Handled HASH_GLOB. Handling time: 0. Response time: 0.
[NX Daemon Server] - 2024-12-13T16:38:05.918Z - [REQUEST]: Responding to the client. handleHashGlob
[NX Daemon Server] - 2024-12-13T16:38:05.918Z - Done responding to the client handleHashGlob
[NX Daemon Server] - 2024-12-13T16:38:05.918Z - Handled HASH_GLOB. Handling time: 0. Response time: 0.
[NX Daemon Server] - 2024-12-13T16:38:05.918Z - [REQUEST]: Responding to the client. handleHashGlob
[NX Daemon Server] - 2024-12-13T16:38:05.918Z - Done responding to the client handleHashGlob
[NX Daemon Server] - 2024-12-13T16:38:05.919Z - Handled HASH_GLOB. Handling time: 0. Response time: 0.
[NX Daemon Server] - 2024-12-13T16:38:05.919Z - [REQUEST]: Responding to the client. handleHashGlob
[NX Daemon Server] - 2024-12-13T16:38:05.919Z - Done responding to the client handleHashGlob
[NX Daemon Server] - 2024-12-13T16:38:05.919Z - Handled HASH_GLOB. Handling time: 0. Response time: 0.
[NX Daemon Server] - 2024-12-13T16:38:05.920Z - [REQUEST]: Responding to the client. handleHashGlob
[NX Daemon Server] - 2024-12-13T16:38:05.920Z - Done responding to the client handleHashGlob
[NX Daemon Server] - 2024-12-13T16:38:05.920Z - Handled HASH_GLOB. Handling time: 1. Response time: 0.
[NX Daemon Server] - 2024-12-13T16:38:05.920Z - [REQUEST]: Responding to the client. handleHashGlob
[NX Daemon Server] - 2024-12-13T16:38:05.920Z - Done responding to the client handleHashGlob
[NX Daemon Server] - 2024-12-13T16:38:05.920Z - Handled HASH_GLOB. Handling time: 0. Response time: 0.
[NX Daemon Server] - 2024-12-13T16:38:05.921Z - [REQUEST]: Responding to the client. handleHashGlob
[NX Daemon Server] - 2024-12-13T16:38:05.921Z - Done responding to the client handleHashGlob
[NX Daemon Server] - 2024-12-13T16:38:05.921Z - Handled HASH_GLOB. Handling time: 0. Response time: 0.
[NX Daemon Server] - 2024-12-13T16:38:05.927Z - Time taken for 'build-project-configs' 15.143083000089973ms
[NX Daemon Server] - 2024-12-13T16:38:05.930Z - Time taken for '@nx-dotnet/core:createDependencies' 4.5306249998975545ms
[NX Daemon Server] - 2024-12-13T16:38:05.930Z - Time taken for '@nx/storybook/plugin:createDependencies' 5.799417000031099ms
[NX Daemon Server] - 2024-12-13T16:38:05.950Z - [SYNC]: collect registered sync generators
[NX Daemon Server] - 2024-12-13T16:38:05.950Z - [SYNC]: project graph hash is the same, not collecting task sync generators
[NX Daemon Server] - 2024-12-13T16:38:05.950Z - [SYNC]: nx.json hash is the same, not collecting global sync generators
[NX Daemon Server] - 2024-12-13T16:38:05.950Z - Time taken for 'total execution time for createProjectGraph()' 21.333208000054583ms
[NX Daemon Server] - 2024-12-13T16:38:06.811Z - [REQUEST]: Client Request for Project Graph Received
[NX Daemon Server] - 2024-12-13T16:38:06.811Z - [REQUEST]: Responding to the client. project-graph
[NX Daemon Server] - 2024-12-13T16:38:06.812Z - Time taken for 'total for creating and serializing project graph' 0.22104199999012053ms
[NX Daemon Server] - 2024-12-13T16:38:06.814Z - Done responding to the client project-graph
[NX Daemon Server] - 2024-12-13T16:38:06.814Z - Handled REQUEST_PROJECT_GRAPH. Handling time: 0. Response time: 3.
[NX Daemon Server] - 2024-12-13T16:38:06.819Z - [REQUEST]: Responding to the client. handleContextFileData
[NX Daemon Server] - 2024-12-13T16:38:06.819Z - Done responding to the client handleContextFileData
[NX Daemon Server] - 2024-12-13T16:38:06.819Z - Handled GET_CONTEXT_FILE_DATA. Handling time: 0. Response time: 0.
[NX Daemon Server] - 2024-12-13T16:38:06.819Z - Closed a connection. Number of open connections: 6
[NX Daemon Server] - 2024-12-13T16:38:06.864Z - Closed a connection. Number of open connections: 5
[NX Daemon Server] - 2024-12-13T16:38:06.864Z - Established a connection. Number of open connections: 6
[NX Daemon Server] - 2024-12-13T16:38:06.864Z - Established a connection. Number of open connections: 7
[NX Daemon Server] - 2024-12-13T16:38:06.864Z - Closed a connection. Number of open connections: 6
[NX Daemon Server] - 2024-12-13T16:38:06.865Z - [REQUEST]: Client Request for Project Graph Received
[NX Daemon Server] - 2024-12-13T16:38:06.865Z - [REQUEST]: Responding to the client. project-graph
[NX Daemon Server] - 2024-12-13T16:38:06.865Z - Time taken for 'total for creating and serializing project graph' 0.1069159999024123ms
[NX Daemon Server] - 2024-12-13T16:38:06.866Z - Done responding to the client project-graph
[NX Daemon Server] - 2024-12-13T16:38:06.866Z - Handled REQUEST_PROJECT_GRAPH. Handling time: 0. Response time: 1.
[NX Daemon Server] - 2024-12-13T16:38:06.869Z - [REQUEST]: Client Request for Project Graph Received
[NX Daemon Server] - 2024-12-13T16:38:06.869Z - [REQUEST]: Responding to the client. project-graph
[NX Daemon Server] - 2024-12-13T16:38:06.869Z - Time taken for 'total for creating and serializing project graph' 0.08220800012350082ms
[NX Daemon Server] - 2024-12-13T16:38:06.870Z - Done responding to the client project-graph
[NX Daemon Server] - 2024-12-13T16:38:06.870Z - Handled REQUEST_PROJECT_GRAPH. Handling time: 0. Response time: 1.
[NX Daemon Server] - 2024-12-13T16:38:06.873Z - Established a connection. Number of open connections: 7
[NX Daemon Server] - 2024-12-13T16:38:40.435Z - [WATCHER]: types/@mui/index.d.ts was modified
[NX Daemon Server] - 2024-12-13T16:38:40.435Z - [REQUEST]: Responding to the client. File watch changed
[NX Daemon Server] - 2024-12-13T16:38:40.435Z - Done responding to the client File watch changed
[NX Daemon Server] - 2024-12-13T16:38:40.435Z - Handled FILE-WATCH-CHANGED. Handling time: 0. Response time: 0.
[NX Daemon Server] - 2024-12-13T16:38:40.435Z - [WATCHER]: Processing file changes in outputs
[NX Daemon Server] - 2024-12-13T16:38:40.435Z - Time taken for 'changed-projects' 0.037791999988257885ms
[NX Daemon Server] - 2024-12-13T16:38:40.536Z - [REQUEST]: Updated workspace context based on watched changes, recomputing project graph...
[NX Daemon Server] - 2024-12-13T16:38:40.536Z - [REQUEST]: types/@mui/index.d.ts
[NX Daemon Server] - 2024-12-13T16:38:40.536Z - [REQUEST]: 
[NX Daemon Server] - 2024-12-13T16:38:40.545Z - [REQUEST]: Responding to the client. handleHashGlob
[NX Daemon Server] - 2024-12-13T16:38:40.545Z - Done responding to the client handleHashGlob
[NX Daemon Server] - 2024-12-13T16:38:40.545Z - Handled HASH_GLOB. Handling time: 1. Response time: 0.
[NX Daemon Server] - 2024-12-13T16:38:40.546Z - [REQUEST]: Responding to the client. handleGlob
[NX Daemon Server] - 2024-12-13T16:38:40.546Z - Done responding to the client handleGlob
[NX Daemon Server] - 2024-12-13T16:38:40.546Z - Handled GLOB. Handling time: 1. Response time: 0.
[NX Daemon Server] - 2024-12-13T16:38:40.547Z - [REQUEST]: Responding to the client. handleHashGlob
[NX Daemon Server] - 2024-12-13T16:38:40.547Z - Done responding to the client handleHashGlob
[NX Daemon Server] - 2024-12-13T16:38:40.547Z - Handled HASH_GLOB. Handling time: 1. Response time: 0.
[NX Daemon Server] - 2024-12-13T16:38:40.547Z - [REQUEST]: Responding to the client. handleHashGlob
[NX Daemon Server] - 2024-12-13T16:38:40.547Z - Done responding to the client handleHashGlob
[NX Daemon Server] - 2024-12-13T16:38:40.547Z - Handled HASH_GLOB. Handling time: 0. Response time: 0.
[NX Daemon Server] - 2024-12-13T16:38:40.548Z - [REQUEST]: Responding to the client. handleHashGlob
[NX Daemon Server] - 2024-12-13T16:38:40.548Z - Done responding to the client handleHashGlob
[NX Daemon Server] - 2024-12-13T16:38:40.548Z - Handled HASH_GLOB. Handling time: 0. Response time: 0.
[NX Daemon Server] - 2024-12-13T16:38:40.548Z - Time taken for 'hash changed files from watcher' 0.153332999907434ms
[NX Daemon Server] - 2024-12-13T16:38:40.549Z - [REQUEST]: Responding to the client. handleHashGlob
[NX Daemon Server] - 2024-12-13T16:38:40.549Z - Done responding to the client handleHashGlob
[NX Daemon Server] - 2024-12-13T16:38:40.549Z - Handled HASH_GLOB. Handling time: 1. Response time: 0.
[NX Daemon Server] - 2024-12-13T16:38:40.550Z - [REQUEST]: Responding to the client. handleHashGlob
[NX Daemon Server] - 2024-12-13T16:38:40.550Z - Done responding to the client handleHashGlob
[NX Daemon Server] - 2024-12-13T16:38:40.550Z - Handled HASH_GLOB. Handling time: 1. Response time: 0.
[NX Daemon Server] - 2024-12-13T16:38:40.550Z - [REQUEST]: Responding to the client. handleHashGlob
[NX Daemon Server] - 2024-12-13T16:38:40.550Z - Done responding to the client handleHashGlob
[NX Daemon Server] - 2024-12-13T16:38:40.550Z - Handled HASH_GLOB. Handling time: 0. Response time: 0.
[NX Daemon Server] - 2024-12-13T16:38:40.551Z - [REQUEST]: Responding to the client. handleHashGlob
[NX Daemon Server] - 2024-12-13T16:38:40.551Z - Done responding to the client handleHashGlob
[NX Daemon Server] - 2024-12-13T16:38:40.551Z - Handled HASH_GLOB. Handling time: 1. Response time: 0.
[NX Daemon Server] - 2024-12-13T16:38:40.554Z - [REQUEST]: Responding to the client. handleHashGlob
[NX Daemon Server] - 2024-12-13T16:38:40.554Z - Done responding to the client handleHashGlob
[NX Daemon Server] - 2024-12-13T16:38:40.554Z - Handled HASH_GLOB. Handling time: 0. Response time: 0.
[NX Daemon Server] - 2024-12-13T16:38:40.555Z - [REQUEST]: Responding to the client. handleHashGlob
[NX Daemon Server] - 2024-12-13T16:38:40.555Z - Done responding to the client handleHashGlob
[NX Daemon Server] - 2024-12-13T16:38:40.555Z - Handled HASH_GLOB. Handling time: 0. Response time: 0.
[NX Daemon Server] - 2024-12-13T16:38:40.556Z - [REQUEST]: Responding to the client. handleHashGlob
[NX Daemon Server] - 2024-12-13T16:38:40.556Z - Done responding to the client handleHashGlob
[NX Daemon Server] - 2024-12-13T16:38:40.556Z - Handled HASH_GLOB. Handling time: 1. Response time: 0.
[NX Daemon Server] - 2024-12-13T16:38:40.563Z - Time taken for 'build-project-configs' 21.503707999829203ms
[NX Daemon Server] - 2024-12-13T16:38:40.566Z - Time taken for '@nx-dotnet/core:createDependencies' 5.679374999832362ms
[NX Daemon Server] - 2024-12-13T16:38:40.567Z - Time taken for '@nx/storybook/plugin:createDependencies' 7.343458000104874ms
[NX Daemon Server] - 2024-12-13T16:38:40.581Z - [SYNC]: collect registered sync generators
[NX Daemon Server] - 2024-12-13T16:38:40.581Z - [SYNC]: project graph hash is the same, not collecting task sync generators
[NX Daemon Server] - 2024-12-13T16:38:40.581Z - [SYNC]: nx.json hash is the same, not collecting global sync generators
[NX Daemon Server] - 2024-12-13T16:38:40.581Z - Time taken for 'total execution time for createProjectGraph()' 16.362958000041544ms
[NX Daemon Server] - 2024-12-13T16:38:41.440Z - [REQUEST]: Client Request for Project Graph Received
[NX Daemon Server] - 2024-12-13T16:38:41.441Z - [REQUEST]: Responding to the client. project-graph
[NX Daemon Server] - 2024-12-13T16:38:41.441Z - Time taken for 'total for creating and serializing project graph' 0.36408400000073016ms
[NX Daemon Server] - 2024-12-13T16:38:41.443Z - Done responding to the client project-graph
[NX Daemon Server] - 2024-12-13T16:38:41.443Z - Handled REQUEST_PROJECT_GRAPH. Handling time: 1. Response time: 2.
[NX Daemon Server] - 2024-12-13T16:38:41.449Z - [REQUEST]: Responding to the client. handleContextFileData
[NX Daemon Server] - 2024-12-13T16:38:41.449Z - Done responding to the client handleContextFileData
[NX Daemon Server] - 2024-12-13T16:38:41.450Z - Handled GET_CONTEXT_FILE_DATA. Handling time: 0. Response time: 1.
[NX Daemon Server] - 2024-12-13T16:38:41.450Z - Closed a connection. Number of open connections: 6
[NX Daemon Server] - 2024-12-13T16:38:41.495Z - Closed a connection. Number of open connections: 5
[NX Daemon Server] - 2024-12-13T16:38:41.495Z - Established a connection. Number of open connections: 6
[NX Daemon Server] - 2024-12-13T16:38:41.496Z - Established a connection. Number of open connections: 7
[NX Daemon Server] - 2024-12-13T16:38:41.496Z - Closed a connection. Number of open connections: 6
[NX Daemon Server] - 2024-12-13T16:38:41.496Z - [REQUEST]: Client Request for Project Graph Received
[NX Daemon Server] - 2024-12-13T16:38:41.496Z - [REQUEST]: Responding to the client. project-graph
[NX Daemon Server] - 2024-12-13T16:38:41.497Z - Time taken for 'total for creating and serializing project graph' 0.11312500014901161ms
[NX Daemon Server] - 2024-12-13T16:38:41.502Z - Done responding to the client project-graph
[NX Daemon Server] - 2024-12-13T16:38:41.502Z - Handled REQUEST_PROJECT_GRAPH. Handling time: 0. Response time: 6.
[NX Daemon Server] - 2024-12-13T16:38:41.506Z - [REQUEST]: Client Request for Project Graph Received
[NX Daemon Server] - 2024-12-13T16:38:41.506Z - [REQUEST]: Responding to the client. project-graph
[NX Daemon Server] - 2024-12-13T16:38:41.506Z - Time taken for 'total for creating and serializing project graph' 0.09854199993424118ms
[NX Daemon Server] - 2024-12-13T16:38:41.507Z - Done responding to the client project-graph
[NX Daemon Server] - 2024-12-13T16:38:41.507Z - Handled REQUEST_PROJECT_GRAPH. Handling time: 0. Response time: 1.
[NX Daemon Server] - 2024-12-13T16:38:41.509Z - Established a connection. Number of open connections: 7
[NX Daemon Server] - 2024-12-13T16:39:00.069Z - Established a connection. Number of open connections: 8
[NX Daemon Server] - 2024-12-13T16:39:00.070Z - Closed a connection. Number of open connections: 7
[NX Daemon Server] - 2024-12-13T16:39:00.070Z - Established a connection. Number of open connections: 8
[NX Daemon Server] - 2024-12-13T16:39:00.071Z - [REQUEST]: Client Request for Project Graph Received
[NX Daemon Server] - 2024-12-13T16:39:00.071Z - [REQUEST]: Responding to the client. project-graph
[NX Daemon Server] - 2024-12-13T16:39:00.072Z - Time taken for 'total for creating and serializing project graph' 0.160874999826774ms
[NX Daemon Server] - 2024-12-13T16:39:00.074Z - Done responding to the client project-graph
[NX Daemon Server] - 2024-12-13T16:39:00.074Z - Handled REQUEST_PROJECT_GRAPH. Handling time: 0. Response time: 3.
[NX Daemon Server] - 2024-12-13T16:39:00.128Z - [REQUEST]: Responding to the client. handleHashTasks
[NX Daemon Server] - 2024-12-13T16:39:00.129Z - Done responding to the client handleHashTasks
[NX Daemon Server] - 2024-12-13T16:39:00.129Z - Handled HASH_TASKS. Handling time: 11. Response time: 1.
[NX Daemon Server] - 2024-12-13T16:39:01.005Z - [REQUEST]: Responding to the client. handleGetEstimatedTaskTimings
[NX Daemon Server] - 2024-12-13T16:39:01.005Z - Done responding to the client handleGetEstimatedTaskTimings
[NX Daemon Server] - 2024-12-13T16:39:01.005Z - Handled GET_ESTIMATED_TASK_TIMINGS. Handling time: 0. Response time: 0.
[NX Daemon Server] - 2024-12-13T16:39:57.484Z - Established a connection. Number of open connections: 9
[NX Daemon Server] - 2024-12-13T16:39:57.484Z - Closed a connection. Number of open connections: 8
[NX Daemon Server] - 2024-12-13T16:39:57.485Z - Established a connection. Number of open connections: 9
[NX Daemon Server] - 2024-12-13T16:39:57.486Z - [REQUEST]: Client Request for Project Graph Received
[NX Daemon Server] - 2024-12-13T16:39:57.486Z - [REQUEST]: Responding to the client. project-graph
[NX Daemon Server] - 2024-12-13T16:39:57.486Z - Time taken for 'total for creating and serializing project graph' 0.12845800025388598ms
[NX Daemon Server] - 2024-12-13T16:39:57.488Z - Done responding to the client project-graph
[NX Daemon Server] - 2024-12-13T16:39:57.489Z - Handled REQUEST_PROJECT_GRAPH. Handling time: 0. Response time: 3.
[NX Daemon Server] - 2024-12-13T16:39:57.539Z - [REQUEST]: Responding to the client. handleHashTasks
[NX Daemon Server] - 2024-12-13T16:39:57.540Z - Done responding to the client handleHashTasks
[NX Daemon Server] - 2024-12-13T16:39:57.540Z - Handled HASH_TASKS. Handling time: 8. Response time: 1.
[NX Daemon Server] - 2024-12-13T16:39:57.640Z - [REQUEST]: Responding to the client. handleGetEstimatedTaskTimings
[NX Daemon Server] - 2024-12-13T16:39:57.640Z - Done responding to the client handleGetEstimatedTaskTimings
[NX Daemon Server] - 2024-12-13T16:39:57.640Z - Handled GET_ESTIMATED_TASK_TIMINGS. Handling time: 0. Response time: 0.
[NX Daemon Server] - 2024-12-13T16:39:58.373Z - [WATCHER]: Processing file changes in outputs
[NX Daemon Server] - 2024-12-13T16:39:59.770Z - [WATCHER]: Processing file changes in outputs
[NX Daemon Server] - 2024-12-13T16:39:59.847Z - [WATCHER]: Processing file changes in outputs
[NX Daemon Server] - 2024-12-13T16:39:59.899Z - [WATCHER]: Processing file changes in outputs
[NX Daemon Server] - 2024-12-13T16:39:59.971Z - [WATCHER]: Processing file changes in outputs
[NX Daemon Server] - 2024-12-13T16:40:00.061Z - [WATCHER]: Processing file changes in outputs
[NX Daemon Server] - 2024-12-13T16:40:00.368Z - [REQUEST]: Responding to the client. recordOutputsHash
[NX Daemon Server] - 2024-12-13T16:40:00.368Z - Done responding to the client recordOutputsHash
[NX Daemon Server] - 2024-12-13T16:40:00.368Z - Handled RECORD_OUTPUTS_HASH. Handling time: 0. Response time: 0.
[NX Daemon Server] - 2024-12-13T16:40:01.309Z - [WATCHER]: Processing file changes in outputs
[NX Daemon Server] - 2024-12-13T16:40:01.367Z - [WATCHER]: Processing file changes in outputs
[NX Daemon Server] - 2024-12-13T16:40:01.429Z - [WATCHER]: Processing file changes in outputs
[NX Daemon Server] - 2024-12-13T16:40:01.604Z - Established a connection. Number of open connections: 10
[NX Daemon Server] - 2024-12-13T16:40:01.605Z - Closed a connection. Number of open connections: 9
[NX Daemon Server] - 2024-12-13T16:40:01.605Z - Established a connection. Number of open connections: 10
[NX Daemon Server] - 2024-12-13T16:40:01.607Z - [REQUEST]: Client Request for Project Graph Received
[NX Daemon Server] - 2024-12-13T16:40:01.607Z - [REQUEST]: Responding to the client. project-graph
[NX Daemon Server] - 2024-12-13T16:40:01.608Z - Time taken for 'total for creating and serializing project graph' 0.2097499999217689ms
[NX Daemon Server] - 2024-12-13T16:40:01.615Z - Done responding to the client project-graph
[NX Daemon Server] - 2024-12-13T16:40:01.615Z - Handled REQUEST_PROJECT_GRAPH. Handling time: 0. Response time: 8.
[NX Daemon Server] - 2024-12-13T16:40:01.701Z - Closed a connection. Number of open connections: 9
[NX Daemon Server] - 2024-12-13T16:40:01.732Z - [REQUEST]: Responding to the client. recordOutputsHash
[NX Daemon Server] - 2024-12-13T16:40:01.732Z - Done responding to the client recordOutputsHash
[NX Daemon Server] - 2024-12-13T16:40:01.732Z - Handled RECORD_OUTPUTS_HASH. Handling time: 5. Response time: 0.
[NX Daemon Server] - 2024-12-13T16:40:01.786Z - [WATCHER]: Processing file changes in outputs
[NX Daemon Server] - 2024-12-13T16:40:02.087Z - [WATCHER]: Processing file changes in outputs
[NX Daemon Server] - 2024-12-13T16:40:02.886Z - [WATCHER]: Processing file changes in outputs
[NX Daemon Server] - 2024-12-13T16:40:02.941Z - [WATCHER]: Processing file changes in outputs
[NX Daemon Server] - 2024-12-13T16:40:03.048Z - [WATCHER]: Processing file changes in outputs
[NX Daemon Server] - 2024-12-13T16:40:03.085Z - [REQUEST]: Responding to the client. recordOutputsHash
[NX Daemon Server] - 2024-12-13T16:40:03.085Z - Done responding to the client recordOutputsHash
[NX Daemon Server] - 2024-12-13T16:40:03.085Z - Handled RECORD_OUTPUTS_HASH. Handling time: 0. Response time: 0.
[NX Daemon Server] - 2024-12-13T16:40:03.134Z - [WATCHER]: Processing file changes in outputs
[NX Daemon Server] - 2024-12-13T16:40:03.262Z - Established a connection. Number of open connections: 10
[NX Daemon Server] - 2024-12-13T16:40:03.263Z - Closed a connection. Number of open connections: 9
[NX Daemon Server] - 2024-12-13T16:40:03.263Z - Established a connection. Number of open connections: 10
[NX Daemon Server] - 2024-12-13T16:40:03.264Z - [REQUEST]: Client Request for Project Graph Received
[NX Daemon Server] - 2024-12-13T16:40:03.264Z - [REQUEST]: Responding to the client. project-graph
[NX Daemon Server] - 2024-12-13T16:40:03.265Z - Time taken for 'total for creating and serializing project graph' 0.1625840002670884ms
[NX Daemon Server] - 2024-12-13T16:40:03.268Z - Done responding to the client project-graph
[NX Daemon Server] - 2024-12-13T16:40:03.268Z - Handled REQUEST_PROJECT_GRAPH. Handling time: 0. Response time: 4.
[NX Daemon Server] - 2024-12-13T16:40:03.339Z - Closed a connection. Number of open connections: 9
[NX Daemon Server] - 2024-12-13T16:40:03.373Z - [REQUEST]: Responding to the client. recordOutputsHash
[NX Daemon Server] - 2024-12-13T16:40:03.373Z - Done responding to the client recordOutputsHash
[NX Daemon Server] - 2024-12-13T16:40:03.373Z - Handled RECORD_OUTPUTS_HASH. Handling time: 6. Response time: 0.
[NX Daemon Server] - 2024-12-13T16:40:03.454Z - [WATCHER]: Processing file changes in outputs
[NX Daemon Server] - 2024-12-13T16:40:04.051Z - [REQUEST]: Responding to the client. recordOutputsHash
[NX Daemon Server] - 2024-12-13T16:40:04.051Z - Done responding to the client recordOutputsHash
[NX Daemon Server] - 2024-12-13T16:40:04.051Z - Handled RECORD_OUTPUTS_HASH. Handling time: 0. Response time: 0.
[NX Daemon Server] - 2024-12-13T16:40:04.482Z - [REQUEST]: Responding to the client. recordOutputsHash
[NX Daemon Server] - 2024-12-13T16:40:04.482Z - Done responding to the client recordOutputsHash
[NX Daemon Server] - 2024-12-13T16:40:04.482Z - Handled RECORD_OUTPUTS_HASH. Handling time: 0. Response time: 0.
[NX Daemon Server] - 2024-12-13T16:40:04.608Z - [REQUEST]: Responding to the client. PROCESS_IN_BACKGROUND
[NX Daemon Server] - 2024-12-13T16:40:04.608Z - Done responding to the client PROCESS_IN_BACKGROUND
[NX Daemon Server] - 2024-12-13T16:40:04.608Z - Handled PROCESS_IN_BACKGROUND. Handling time: 82. Response time: 0.
[NX Daemon Server] - 2024-12-13T16:40:04.608Z - Uploading file artifacts
[NX Daemon Server] - 2024-12-13T16:40:04.888Z - Closed a connection. Number of open connections: 8
[NX Daemon Server] - 2024-12-13T16:40:06.253Z - Done uploading file artifacts
[NX Daemon Server] - 2024-12-13T16:40:06.253Z - Sending EndRun request
[NX Daemon Server] - 2024-12-13T16:40:06.498Z - Done sending EndRun request
[NX Daemon Server] - 2024-12-13T17:03:18.585Z - [WATCHER]: libs/aws-infrastructure/src/lib/static-s3-website/static-s3-website.ts was modified
[NX Daemon Server] - 2024-12-13T17:03:18.585Z - [REQUEST]: Responding to the client. File watch changed
[NX Daemon Server] - 2024-12-13T17:03:18.585Z - Done responding to the client File watch changed
[NX Daemon Server] - 2024-12-13T17:03:18.585Z - Handled FILE-WATCH-CHANGED. Handling time: 0. Response time: 0.
[NX Daemon Server] - 2024-12-13T17:03:18.585Z - [WATCHER]: Processing file changes in outputs
[NX Daemon Server] - 2024-12-13T17:03:18.585Z - Time taken for 'changed-projects' 0.039834000170230865ms
[NX Daemon Server] - 2024-12-13T17:03:18.686Z - [REQUEST]: Updated workspace context based on watched changes, recomputing project graph...
[NX Daemon Server] - 2024-12-13T17:03:18.686Z - [REQUEST]: libs/aws-infrastructure/src/lib/static-s3-website/static-s3-website.ts
[NX Daemon Server] - 2024-12-13T17:03:18.686Z - [REQUEST]: 
[NX Daemon Server] - 2024-12-13T17:03:18.696Z - [REQUEST]: Responding to the client. handleHashGlob
[NX Daemon Server] - 2024-12-13T17:03:18.696Z - Done responding to the client handleHashGlob
[NX Daemon Server] - 2024-12-13T17:03:18.696Z - Handled HASH_GLOB. Handling time: 1. Response time: 0.
[NX Daemon Server] - 2024-12-13T17:03:18.696Z - [REQUEST]: Responding to the client. handleGlob
[NX Daemon Server] - 2024-12-13T17:03:18.697Z - Done responding to the client handleGlob
[NX Daemon Server] - 2024-12-13T17:03:18.697Z - Handled GLOB. Handling time: 0. Response time: 1.
[NX Daemon Server] - 2024-12-13T17:03:18.697Z - [REQUEST]: Responding to the client. handleHashGlob
[NX Daemon Server] - 2024-12-13T17:03:18.697Z - Done responding to the client handleHashGlob
[NX Daemon Server] - 2024-12-13T17:03:18.697Z - Handled HASH_GLOB. Handling time: 0. Response time: 0.
[NX Daemon Server] - 2024-12-13T17:03:18.698Z - [REQUEST]: Responding to the client. handleHashGlob
[NX Daemon Server] - 2024-12-13T17:03:18.698Z - Done responding to the client handleHashGlob
[NX Daemon Server] - 2024-12-13T17:03:18.698Z - Handled HASH_GLOB. Handling time: 1. Response time: 0.
[NX Daemon Server] - 2024-12-13T17:03:18.698Z - [REQUEST]: Responding to the client. handleHashGlob
[NX Daemon Server] - 2024-12-13T17:03:18.698Z - Done responding to the client handleHashGlob
[NX Daemon Server] - 2024-12-13T17:03:18.698Z - Handled HASH_GLOB. Handling time: 0. Response time: 0.
[NX Daemon Server] - 2024-12-13T17:03:18.698Z - Time taken for 'hash changed files from watcher' 0.14637500001117587ms
[NX Daemon Server] - 2024-12-13T17:03:18.699Z - [REQUEST]: Responding to the client. handleHashGlob
[NX Daemon Server] - 2024-12-13T17:03:18.699Z - Done responding to the client handleHashGlob
[NX Daemon Server] - 2024-12-13T17:03:18.699Z - Handled HASH_GLOB. Handling time: 0. Response time: 0.
[NX Daemon Server] - 2024-12-13T17:03:18.699Z - [REQUEST]: Responding to the client. handleHashGlob
[NX Daemon Server] - 2024-12-13T17:03:18.699Z - Done responding to the client handleHashGlob
[NX Daemon Server] - 2024-12-13T17:03:18.699Z - Handled HASH_GLOB. Handling time: 0. Response time: 0.
[NX Daemon Server] - 2024-12-13T17:03:18.700Z - [REQUEST]: Responding to the client. handleHashGlob
[NX Daemon Server] - 2024-12-13T17:03:18.700Z - Done responding to the client handleHashGlob
[NX Daemon Server] - 2024-12-13T17:03:18.700Z - Handled HASH_GLOB. Handling time: 0. Response time: 0.
[NX Daemon Server] - 2024-12-13T17:03:18.701Z - [REQUEST]: Responding to the client. handleHashGlob
[NX Daemon Server] - 2024-12-13T17:03:18.701Z - Done responding to the client handleHashGlob
[NX Daemon Server] - 2024-12-13T17:03:18.701Z - Handled HASH_GLOB. Handling time: 1. Response time: 0.
[NX Daemon Server] - 2024-12-13T17:03:18.703Z - [REQUEST]: Responding to the client. handleHashGlob
[NX Daemon Server] - 2024-12-13T17:03:18.703Z - Done responding to the client handleHashGlob
[NX Daemon Server] - 2024-12-13T17:03:18.703Z - Handled HASH_GLOB. Handling time: 0. Response time: 0.
[NX Daemon Server] - 2024-12-13T17:03:18.704Z - [REQUEST]: Responding to the client. handleHashGlob
[NX Daemon Server] - 2024-12-13T17:03:18.704Z - Done responding to the client handleHashGlob
[NX Daemon Server] - 2024-12-13T17:03:18.704Z - Handled HASH_GLOB. Handling time: 0. Response time: 0.
[NX Daemon Server] - 2024-12-13T17:03:18.705Z - [REQUEST]: Responding to the client. handleHashGlob
[NX Daemon Server] - 2024-12-13T17:03:18.705Z - Done responding to the client handleHashGlob
[NX Daemon Server] - 2024-12-13T17:03:18.705Z - Handled HASH_GLOB. Handling time: 1. Response time: 0.
[NX Daemon Server] - 2024-12-13T17:03:18.724Z - Time taken for 'build-project-configs' 32.520124999806285ms
[NX Daemon Server] - 2024-12-13T17:03:18.727Z - Time taken for '@nx-dotnet/core:createDependencies' 5.249667000025511ms
[NX Daemon Server] - 2024-12-13T17:03:18.727Z - Time taken for '@nx/storybook/plugin:createDependencies' 6.543082999996841ms
[NX Daemon Server] - 2024-12-13T17:03:18.749Z - [SYNC]: collect registered sync generators
[NX Daemon Server] - 2024-12-13T17:03:18.749Z - [SYNC]: nx.json hash is the same, not collecting global sync generators
[NX Daemon Server] - 2024-12-13T17:03:18.749Z - Time taken for 'total execution time for createProjectGraph()' 25.020917000249028ms
[NX Daemon Server] - 2024-12-13T17:03:19.595Z - [REQUEST]: Client Request for Project Graph Received
[NX Daemon Server] - 2024-12-13T17:03:19.595Z - [REQUEST]: Responding to the client. project-graph
[NX Daemon Server] - 2024-12-13T17:03:19.596Z - Time taken for 'total for creating and serializing project graph' 0.3861249997280538ms
[NX Daemon Server] - 2024-12-13T17:03:19.599Z - Done responding to the client project-graph
[NX Daemon Server] - 2024-12-13T17:03:19.599Z - Handled REQUEST_PROJECT_GRAPH. Handling time: 0. Response time: 4.
[NX Daemon Server] - 2024-12-13T17:03:19.607Z - [REQUEST]: Responding to the client. handleContextFileData
[NX Daemon Server] - 2024-12-13T17:03:19.607Z - Done responding to the client handleContextFileData
[NX Daemon Server] - 2024-12-13T17:03:19.607Z - Handled GET_CONTEXT_FILE_DATA. Handling time: 0. Response time: 0.
[NX Daemon Server] - 2024-12-13T17:03:19.607Z - Closed a connection. Number of open connections: 7
[NX Daemon Server] - 2024-12-13T17:03:19.662Z - Closed a connection. Number of open connections: 6
[NX Daemon Server] - 2024-12-13T17:03:19.664Z - Established a connection. Number of open connections: 7
[NX Daemon Server] - 2024-12-13T17:03:19.665Z - Established a connection. Number of open connections: 8
[NX Daemon Server] - 2024-12-13T17:03:19.665Z - Closed a connection. Number of open connections: 7
[NX Daemon Server] - 2024-12-13T17:03:19.665Z - [REQUEST]: Client Request for Project Graph Received
[NX Daemon Server] - 2024-12-13T17:03:19.665Z - [REQUEST]: Responding to the client. project-graph
[NX Daemon Server] - 2024-12-13T17:03:19.665Z - Time taken for 'total for creating and serializing project graph' 0.12241700012236834ms
[NX Daemon Server] - 2024-12-13T17:03:19.666Z - Done responding to the client project-graph
[NX Daemon Server] - 2024-12-13T17:03:19.666Z - Handled REQUEST_PROJECT_GRAPH. Handling time: 0. Response time: 1.
[NX Daemon Server] - 2024-12-13T17:03:19.670Z - [REQUEST]: Client Request for Project Graph Received
[NX Daemon Server] - 2024-12-13T17:03:19.670Z - [REQUEST]: Responding to the client. project-graph
[NX Daemon Server] - 2024-12-13T17:03:19.671Z - Time taken for 'total for creating and serializing project graph' 0.10183400008827448ms
[NX Daemon Server] - 2024-12-13T17:03:19.671Z - Done responding to the client project-graph
[NX Daemon Server] - 2024-12-13T17:03:19.671Z - Handled REQUEST_PROJECT_GRAPH. Handling time: 0. Response time: 1.
[NX Daemon Server] - 2024-12-13T17:03:19.674Z - Established a connection. Number of open connections: 8
[NX Daemon Server] - 2024-12-13T17:04:31.749Z - [WATCHER]: package.json was modified
[NX Daemon Server] - 2024-12-13T17:04:31.749Z - [REQUEST]: Responding to the client. File watch changed
[NX Daemon Server] - 2024-12-13T17:04:31.749Z - Done responding to the client File watch changed
[NX Daemon Server] - 2024-12-13T17:04:31.749Z - Handled FILE-WATCH-CHANGED. Handling time: 0. Response time: 0.
[NX Daemon Server] - 2024-12-13T17:04:31.749Z - [WATCHER]: Processing file changes in outputs
[NX Daemon Server] - 2024-12-13T17:04:31.749Z - Time taken for 'changed-projects' 0.036374999675899744ms
[NX Daemon Server] - 2024-12-13T17:04:31.849Z - [REQUEST]: Updated workspace context based on watched changes, recomputing project graph...
[NX Daemon Server] - 2024-12-13T17:04:31.849Z - [REQUEST]: package.json
[NX Daemon Server] - 2024-12-13T17:04:31.849Z - [REQUEST]: 
[NX Daemon Server] - 2024-12-13T17:04:31.856Z - [REQUEST]: Responding to the client. handleHashGlob
[NX Daemon Server] - 2024-12-13T17:04:31.856Z - Done responding to the client handleHashGlob
[NX Daemon Server] - 2024-12-13T17:04:31.856Z - Handled HASH_GLOB. Handling time: 1. Response time: 0.
[NX Daemon Server] - 2024-12-13T17:04:31.856Z - [REQUEST]: Responding to the client. handleGlob
[NX Daemon Server] - 2024-12-13T17:04:31.856Z - Done responding to the client handleGlob
[NX Daemon Server] - 2024-12-13T17:04:31.856Z - Handled GLOB. Handling time: 0. Response time: 0.
[NX Daemon Server] - 2024-12-13T17:04:31.857Z - [REQUEST]: Responding to the client. handleHashGlob
[NX Daemon Server] - 2024-12-13T17:04:31.857Z - Done responding to the client handleHashGlob
[NX Daemon Server] - 2024-12-13T17:04:31.857Z - Handled HASH_GLOB. Handling time: 0. Response time: 0.
[NX Daemon Server] - 2024-12-13T17:04:31.858Z - [REQUEST]: Responding to the client. handleHashGlob
[NX Daemon Server] - 2024-12-13T17:04:31.858Z - Done responding to the client handleHashGlob
[NX Daemon Server] - 2024-12-13T17:04:31.858Z - Handled HASH_GLOB. Handling time: 1. Response time: 0.
[NX Daemon Server] - 2024-12-13T17:04:31.858Z - [REQUEST]: Responding to the client. handleHashGlob
[NX Daemon Server] - 2024-12-13T17:04:31.858Z - Done responding to the client handleHashGlob
[NX Daemon Server] - 2024-12-13T17:04:31.858Z - Handled HASH_GLOB. Handling time: 0. Response time: 0.
[NX Daemon Server] - 2024-12-13T17:04:31.858Z - Time taken for 'hash changed files from watcher' 0.10529100010171533ms
[NX Daemon Server] - 2024-12-13T17:04:31.859Z - [REQUEST]: Responding to the client. handleHashGlob
[NX Daemon Server] - 2024-12-13T17:04:31.859Z - Done responding to the client handleHashGlob
[NX Daemon Server] - 2024-12-13T17:04:31.859Z - Handled HASH_GLOB. Handling time: 0. Response time: 0.
[NX Daemon Server] - 2024-12-13T17:04:31.859Z - [REQUEST]: Responding to the client. handleHashGlob
[NX Daemon Server] - 2024-12-13T17:04:31.859Z - Done responding to the client handleHashGlob
[NX Daemon Server] - 2024-12-13T17:04:31.859Z - Handled HASH_GLOB. Handling time: 0. Response time: 0.
[NX Daemon Server] - 2024-12-13T17:04:31.860Z - [REQUEST]: Responding to the client. handleHashGlob
[NX Daemon Server] - 2024-12-13T17:04:31.860Z - Done responding to the client handleHashGlob
[NX Daemon Server] - 2024-12-13T17:04:31.860Z - Handled HASH_GLOB. Handling time: 0. Response time: 0.
[NX Daemon Server] - 2024-12-13T17:04:31.861Z - [REQUEST]: Responding to the client. handleHashGlob
[NX Daemon Server] - 2024-12-13T17:04:31.861Z - Done responding to the client handleHashGlob
[NX Daemon Server] - 2024-12-13T17:04:31.861Z - Handled HASH_GLOB. Handling time: 0. Response time: 0.
[NX Daemon Server] - 2024-12-13T17:04:31.863Z - [REQUEST]: Responding to the client. handleHashGlob
[NX Daemon Server] - 2024-12-13T17:04:31.863Z - Done responding to the client handleHashGlob
[NX Daemon Server] - 2024-12-13T17:04:31.863Z - Handled HASH_GLOB. Handling time: 0. Response time: 0.
[NX Daemon Server] - 2024-12-13T17:04:31.864Z - [REQUEST]: Responding to the client. handleHashGlob
[NX Daemon Server] - 2024-12-13T17:04:31.864Z - Done responding to the client handleHashGlob
[NX Daemon Server] - 2024-12-13T17:04:31.864Z - Handled HASH_GLOB. Handling time: 0. Response time: 0.
[NX Daemon Server] - 2024-12-13T17:04:31.864Z - [REQUEST]: Responding to the client. handleHashGlob
[NX Daemon Server] - 2024-12-13T17:04:31.864Z - Done responding to the client handleHashGlob
[NX Daemon Server] - 2024-12-13T17:04:31.864Z - Handled HASH_GLOB. Handling time: 0. Response time: 0.
[NX Daemon Server] - 2024-12-13T17:04:31.872Z - Time taken for 'build-project-configs' 17.99379099998623ms
[NX Daemon Server] - 2024-12-13T17:04:31.875Z - Time taken for '@nx-dotnet/core:createDependencies' 4.871584000065923ms
[NX Daemon Server] - 2024-12-13T17:04:31.875Z - Time taken for '@nx/storybook/plugin:createDependencies' 6.311624999623746ms
[NX Daemon Server] - 2024-12-13T17:04:31.889Z - [SYNC]: collect registered sync generators
[NX Daemon Server] - 2024-12-13T17:04:31.889Z - [SYNC]: project graph hash is the same, not collecting task sync generators
[NX Daemon Server] - 2024-12-13T17:04:31.889Z - [SYNC]: nx.json hash is the same, not collecting global sync generators
[NX Daemon Server] - 2024-12-13T17:04:31.889Z - Time taken for 'total execution time for createProjectGraph()' 15.430665999650955ms
[NX Daemon Server] - 2024-12-13T17:04:32.140Z - [WATCHER]: Processing file changes in outputs
[NX Daemon Server] - 2024-12-13T17:04:32.140Z - Closed a connection. Number of open connections: 7
[NX Daemon Server] - 2024-12-13T17:04:32.140Z - Closed a connection. Number of open connections: 6
[NX Daemon Server] - 2024-12-13T17:04:32.140Z - Closed a connection. Number of open connections: 5
[NX Daemon Server] - 2024-12-13T17:04:32.140Z - Closed a connection. Number of open connections: 4
[NX Daemon Server] - 2024-12-13T17:04:32.140Z - Closed a connection. Number of open connections: 3
[NX Daemon Server] - 2024-12-13T17:04:32.140Z - Closed a connection. Number of open connections: 2
[NX Daemon Server] - 2024-12-13T17:04:32.140Z - Closed a connection. Number of open connections: 1
[NX Daemon Server] - 2024-12-13T17:04:32.140Z - Closed a connection. Number of open connections: 0
[NX Daemon Server] - 2024-12-13T17:04:32.140Z - [WATCHER]: Stopping the watcher for /Users/michaelgilge/Code/GTechIndustries (sources)
[NX Daemon Server] - 2024-12-13T17:04:32.140Z - [WATCHER]: Stopping the watcher for /Users/michaelgilge/Code/GTechIndustries (outputs)
[NX Daemon Server] - 2024-12-13T17:04:32.340Z - Started listening on: /var/folders/pt/d_fg87hx65j566znvpk25z4h0000gn/T/7076b0eded40792afa37/d.sock
[NX Daemon Server] - 2024-12-13T17:04:32.342Z - [WATCHER]: Subscribed to changes within: /Users/michaelgilge/Code/GTechIndustries (native)
[NX Daemon Server] - 2024-12-13T17:04:32.345Z - Established a connection. Number of open connections: 1
[NX Daemon Server] - 2024-12-13T17:04:32.345Z - Established a connection. Number of open connections: 2
[NX Daemon Server] - 2024-12-13T17:04:32.346Z - Closed a connection. Number of open connections: 1
[NX Daemon Server] - 2024-12-13T17:04:32.347Z - [REQUEST]: Client Request for Project Graph Received
[NX Daemon Server] - 2024-12-13T17:04:32.405Z - [WATCHER]: Processing file changes in outputs
[NX Daemon Server] - 2024-12-13T17:04:32.466Z - Time taken for 'Load Nx Plugin: /Users/michaelgilge/Code/GTechIndustries/node_modules/nx/src/plugins/js' 118.001667ms
[NX Daemon Server] - 2024-12-13T17:04:32.472Z - Time taken for 'Load Nx Plugin: /Users/michaelgilge/Code/GTechIndustries/node_modules/nx/src/plugins/project-json/build-nodes/project-json' 123.93041600000001ms
[NX Daemon Server] - 2024-12-13T17:04:32.473Z - Time taken for 'Load Nx Plugin: /Users/michaelgilge/Code/GTechIndustries/node_modules/nx/src/plugins/package-json' 124.37912499999999ms
[NX Daemon Server] - 2024-12-13T17:04:32.509Z - Time taken for 'Load Nx Plugin: @nx/eslint/plugin' 162.247541ms
[NX Daemon Server] - 2024-12-13T17:04:32.519Z - Time taken for 'Load Nx Plugin: @nx/jest/plugin' 171.373875ms
[NX Daemon Server] - 2024-12-13T17:04:32.532Z - Time taken for 'Load Nx Plugin: @nx/storybook/plugin' 183.70862500000004ms
[NX Daemon Server] - 2024-12-13T17:04:32.532Z - Time taken for 'Load Nx Plugin: @nx/cypress/plugin' 184.970416ms
[NX Daemon Server] - 2024-12-13T17:04:32.533Z - Time taken for 'Load Nx Plugin: @nx/webpack/plugin' 186.583375ms
[NX Daemon Server] - 2024-12-13T17:04:32.537Z - Time taken for 'Load Nx Plugin: @nx/rollup/plugin' 189.408292ms
[NX Daemon Server] - 2024-12-13T17:04:32.783Z - [REQUEST]: Updated workspace context based on watched changes, recomputing project graph...
[NX Daemon Server] - 2024-12-13T17:04:32.783Z - [REQUEST]: 
[NX Daemon Server] - 2024-12-13T17:04:32.783Z - [REQUEST]: 
[NX Daemon Server] - 2024-12-13T17:04:32.795Z - Time taken for 'loadNxPlugins' 436.37850000000003ms
[NX Daemon Server] - 2024-12-13T17:04:32.795Z - Established a connection. Number of open connections: 2
[NX Daemon Server] - 2024-12-13T17:04:32.795Z - Established a connection. Number of open connections: 3
[NX Daemon Server] - 2024-12-13T17:04:32.796Z - Closed a connection. Number of open connections: 2
[NX Daemon Server] - 2024-12-13T17:04:32.796Z - Established a connection. Number of open connections: 3
[NX Daemon Server] - 2024-12-13T17:04:32.796Z - [REQUEST]: Responding to the client. handleHashGlob
[NX Daemon Server] - 2024-12-13T17:04:32.797Z - Done responding to the client handleHashGlob
[NX Daemon Server] - 2024-12-13T17:04:32.797Z - Handled HASH_GLOB. Handling time: 0. Response time: 1.
[NX Daemon Server] - 2024-12-13T17:04:32.797Z - Established a connection. Number of open connections: 4
[NX Daemon Server] - 2024-12-13T17:04:32.797Z - Closed a connection. Number of open connections: 3
[NX Daemon Server] - 2024-12-13T17:04:32.797Z - Established a connection. Number of open connections: 4
[NX Daemon Server] - 2024-12-13T17:04:32.797Z - [REQUEST]: Responding to the client. handleGlob
[NX Daemon Server] - 2024-12-13T17:04:32.797Z - Done responding to the client handleGlob
[NX Daemon Server] - 2024-12-13T17:04:32.797Z - Handled GLOB. Handling time: 0. Response time: 0.
[NX Daemon Server] - 2024-12-13T17:04:32.797Z - Established a connection. Number of open connections: 5
[NX Daemon Server] - 2024-12-13T17:04:32.797Z - Closed a connection. Number of open connections: 4
[NX Daemon Server] - 2024-12-13T17:04:32.797Z - Established a connection. Number of open connections: 5
[NX Daemon Server] - 2024-12-13T17:04:32.798Z - [REQUEST]: Responding to the client. handleHashGlob
[NX Daemon Server] - 2024-12-13T17:04:32.798Z - Done responding to the client handleHashGlob
[NX Daemon Server] - 2024-12-13T17:04:32.798Z - Handled HASH_GLOB. Handling time: 0. Response time: 0.
[NX Daemon Server] - 2024-12-13T17:04:32.798Z - Established a connection. Number of open connections: 6
[NX Daemon Server] - 2024-12-13T17:04:32.798Z - Closed a connection. Number of open connections: 5
[NX Daemon Server] - 2024-12-13T17:04:32.798Z - Established a connection. Number of open connections: 6
[NX Daemon Server] - 2024-12-13T17:04:32.799Z - [REQUEST]: Responding to the client. handleHashGlob
[NX Daemon Server] - 2024-12-13T17:04:32.799Z - Done responding to the client handleHashGlob
[NX Daemon Server] - 2024-12-13T17:04:32.799Z - Handled HASH_GLOB. Handling time: 1. Response time: 0.
[NX Daemon Server] - 2024-12-13T17:04:32.799Z - Established a connection. Number of open connections: 7
[NX Daemon Server] - 2024-12-13T17:04:32.799Z - Closed a connection. Number of open connections: 6
[NX Daemon Server] - 2024-12-13T17:04:32.799Z - [REQUEST]: Responding to the client. handleHashGlob
[NX Daemon Server] - 2024-12-13T17:04:32.800Z - Done responding to the client handleHashGlob
[NX Daemon Server] - 2024-12-13T17:04:32.800Z - Handled HASH_GLOB. Handling time: 0. Response time: 1.
[NX Daemon Server] - 2024-12-13T17:04:32.800Z - [REQUEST]: Responding to the client. handleHashGlob
[NX Daemon Server] - 2024-12-13T17:04:32.800Z - Done responding to the client handleHashGlob
[NX Daemon Server] - 2024-12-13T17:04:32.800Z - Handled HASH_GLOB. Handling time: 0. Response time: 0.
[NX Daemon Server] - 2024-12-13T17:04:32.801Z - [REQUEST]: Responding to the client. handleHashGlob
[NX Daemon Server] - 2024-12-13T17:04:32.801Z - Done responding to the client handleHashGlob
[NX Daemon Server] - 2024-12-13T17:04:32.801Z - Handled HASH_GLOB. Handling time: 0. Response time: 0.
[NX Daemon Server] - 2024-12-13T17:04:32.859Z - [REQUEST]: Responding to the client. handleHashGlob
[NX Daemon Server] - 2024-12-13T17:04:32.859Z - Done responding to the client handleHashGlob
[NX Daemon Server] - 2024-12-13T17:04:32.859Z - Handled HASH_GLOB. Handling time: 1. Response time: 0.
[NX Daemon Server] - 2024-12-13T17:04:32.860Z - [REQUEST]: Responding to the client. handleHashGlob
[NX Daemon Server] - 2024-12-13T17:04:32.860Z - Done responding to the client handleHashGlob
[NX Daemon Server] - 2024-12-13T17:04:32.860Z - Handled HASH_GLOB. Handling time: 1. Response time: 0.
(node:965) [DEP0180] DeprecationWarning: fs.Stats constructor is deprecated.
(Use `node --trace-deprecation ...` to show where the warning was created)
(node:962) [DEP0180] DeprecationWarning: fs.Stats constructor is deprecated.
(Use `node --trace-deprecation ...` to show where the warning was created)
[NX Daemon Server] - 2024-12-13T17:04:33.332Z - [REQUEST]: Responding to the client. handleGlob
[NX Daemon Server] - 2024-12-13T17:04:33.332Z - Done responding to the client handleGlob
[NX Daemon Server] - 2024-12-13T17:04:33.332Z - Handled GLOB. Handling time: 1. Response time: 0.
[NX Daemon Server] - 2024-12-13T17:04:33.402Z - [REQUEST]: Responding to the client. handleHashGlob
[NX Daemon Server] - 2024-12-13T17:04:33.402Z - Done responding to the client handleHashGlob
[NX Daemon Server] - 2024-12-13T17:04:33.402Z - Handled HASH_GLOB. Handling time: 1. Response time: 0.
[NX Daemon Server] - 2024-12-13T17:04:33.403Z - [REQUEST]: Responding to the client. handleHashGlob
[NX Daemon Server] - 2024-12-13T17:04:33.403Z - Done responding to the client handleHashGlob
[NX Daemon Server] - 2024-12-13T17:04:33.403Z - Handled HASH_GLOB. Handling time: 1. Response time: 0.
[NX Daemon Server] - 2024-12-13T17:04:33.404Z - [REQUEST]: Responding to the client. handleHashGlob
[NX Daemon Server] - 2024-12-13T17:04:33.404Z - Done responding to the client handleHashGlob
[NX Daemon Server] - 2024-12-13T17:04:33.404Z - Handled HASH_GLOB. Handling time: 1. Response time: 0.
[NX Daemon Server] - 2024-12-13T17:04:33.421Z - Time taken for 'build-project-configs' 622.762583ms
[NX Daemon Server] - 2024-12-13T17:04:33.424Z - Time taken for '@nx-dotnet/core:createDependencies' 5.15404199999989ms
[NX Daemon Server] - 2024-12-13T17:04:33.447Z - Time taken for '@nx/storybook/plugin:createDependencies' 29.347999999999956ms
[NX Daemon Server] - 2024-12-13T17:04:33.469Z - [SYNC]: collect registered sync generators
[NX Daemon Server] - 2024-12-13T17:04:33.469Z - [REQUEST]: Responding to the client. project-graph
[NX Daemon Server] - 2024-12-13T17:04:33.469Z - Time taken for 'total for creating and serializing project graph' 1122.521416ms
[NX Daemon Server] - 2024-12-13T17:04:33.477Z - Done responding to the client project-graph
[NX Daemon Server] - 2024-12-13T17:04:33.477Z - Handled REQUEST_PROJECT_GRAPH. Handling time: 1123. Response time: 8.
[NX Daemon Server] - 2024-12-13T17:04:33.481Z - [REQUEST]: Client Request for Project Graph Received
[NX Daemon Server] - 2024-12-13T17:04:33.481Z - [REQUEST]: Responding to the client. project-graph
[NX Daemon Server] - 2024-12-13T17:04:33.482Z - Time taken for 'total for creating and serializing project graph' 0.22670799999991686ms
[NX Daemon Server] - 2024-12-13T17:04:33.487Z - Done responding to the client project-graph
[NX Daemon Server] - 2024-12-13T17:04:33.487Z - Handled REQUEST_PROJECT_GRAPH. Handling time: 0. Response time: 6.
[NX Daemon Server] - 2024-12-13T17:04:33.492Z - [REQUEST]: Client Request for Project Graph Received
[NX Daemon Server] - 2024-12-13T17:04:33.493Z - [REQUEST]: Responding to the client. project-graph
[NX Daemon Server] - 2024-12-13T17:04:33.493Z - Time taken for 'total for creating and serializing project graph' 0.28420900000014626ms
[NX Daemon Server] - 2024-12-13T17:04:33.499Z - Done responding to the client project-graph
[NX Daemon Server] - 2024-12-13T17:04:33.499Z - Handled REQUEST_PROJECT_GRAPH. Handling time: 1. Response time: 6.
[NX Daemon Server] - 2024-12-13T17:04:33.504Z - [REQUEST]: Responding to the client. handleContextFileData
[NX Daemon Server] - 2024-12-13T17:04:33.504Z - Done responding to the client handleContextFileData
[NX Daemon Server] - 2024-12-13T17:04:33.504Z - Handled GET_CONTEXT_FILE_DATA. Handling time: 0. Response time: 0.
[NX Daemon Server] - 2024-12-13T17:04:33.505Z - Established a connection. Number of open connections: 7
[NX Daemon Server] - 2024-12-13T17:04:33.505Z - Closed a connection. Number of open connections: 6
[NX Daemon Server] - 2024-12-13T17:04:33.569Z - Closed a connection. Number of open connections: 5
[NX Daemon Server] - 2024-12-13T17:04:33.571Z - Established a connection. Number of open connections: 6
[NX Daemon Server] - 2024-12-13T17:04:33.571Z - Established a connection. Number of open connections: 7
[NX Daemon Server] - 2024-12-13T17:04:33.572Z - Closed a connection. Number of open connections: 6
[NX Daemon Server] - 2024-12-13T17:04:33.572Z - [REQUEST]: Client Request for Project Graph Received
[NX Daemon Server] - 2024-12-13T17:04:33.572Z - [REQUEST]: Responding to the client. project-graph
[NX Daemon Server] - 2024-12-13T17:04:33.573Z - Time taken for 'total for creating and serializing project graph' 0.15608300000008057ms
[NX Daemon Server] - 2024-12-13T17:04:33.575Z - Done responding to the client project-graph
[NX Daemon Server] - 2024-12-13T17:04:33.575Z - Handled REQUEST_PROJECT_GRAPH. Handling time: 0. Response time: 3.
[NX Daemon Server] - 2024-12-13T17:04:33.578Z - [REQUEST]: Client Request for Project Graph Received
[NX Daemon Server] - 2024-12-13T17:04:33.579Z - [REQUEST]: Responding to the client. project-graph
[NX Daemon Server] - 2024-12-13T17:04:33.579Z - Time taken for 'total for creating and serializing project graph' 0.10104099999989558ms
[NX Daemon Server] - 2024-12-13T17:04:33.580Z - Done responding to the client project-graph
[NX Daemon Server] - 2024-12-13T17:04:33.580Z - Handled REQUEST_PROJECT_GRAPH. Handling time: 1. Response time: 1.
[NX Daemon Server] - 2024-12-13T17:04:33.583Z - Established a connection. Number of open connections: 7
[NX Daemon Server] - 2024-12-13T17:05:13.472Z - Established a connection. Number of open connections: 8
[NX Daemon Server] - 2024-12-13T17:05:13.472Z - Closed a connection. Number of open connections: 7
[NX Daemon Server] - 2024-12-13T17:05:13.473Z - Established a connection. Number of open connections: 8
[NX Daemon Server] - 2024-12-13T17:05:13.473Z - [REQUEST]: Client Request for Project Graph Received
[NX Daemon Server] - 2024-12-13T17:05:13.474Z - [REQUEST]: Responding to the client. project-graph
[NX Daemon Server] - 2024-12-13T17:05:13.474Z - Time taken for 'total for creating and serializing project graph' 0.206291999995301ms
[NX Daemon Server] - 2024-12-13T17:05:13.476Z - Done responding to the client project-graph
[NX Daemon Server] - 2024-12-13T17:05:13.476Z - Handled REQUEST_PROJECT_GRAPH. Handling time: 1. Response time: 2.
[NX Daemon Server] - 2024-12-13T17:05:13.531Z - [REQUEST]: Responding to the client. handleHashTasks
[NX Daemon Server] - 2024-12-13T17:05:13.531Z - Done responding to the client handleHashTasks
[NX Daemon Server] - 2024-12-13T17:05:13.531Z - Handled HASH_TASKS. Handling time: 13. Response time: 0.
[NX Daemon Server] - 2024-12-13T17:05:13.662Z - [REQUEST]: Responding to the client. handleGetEstimatedTaskTimings
[NX Daemon Server] - 2024-12-13T17:05:13.662Z - Done responding to the client handleGetEstimatedTaskTimings
[NX Daemon Server] - 2024-12-13T17:05:13.662Z - Handled GET_ESTIMATED_TASK_TIMINGS. Handling time: 27. Response time: 0.
[NX Daemon Server] - 2024-12-13T17:05:14.384Z - [WATCHER]: Processing file changes in outputs
[NX Daemon Server] - 2024-12-13T17:05:15.193Z - [WATCHER]: Processing file changes in outputs
[NX Daemon Server] - 2024-12-13T17:05:15.252Z - [WATCHER]: Processing file changes in outputs
[NX Daemon Server] - 2024-12-13T17:05:15.350Z - Established a connection. Number of open connections: 9
[NX Daemon Server] - 2024-12-13T17:05:15.350Z - Closed a connection. Number of open connections: 8
[NX Daemon Server] - 2024-12-13T17:05:15.350Z - Established a connection. Number of open connections: 9
[NX Daemon Server] - 2024-12-13T17:05:15.351Z - [REQUEST]: Client Request for Project Graph Received
[NX Daemon Server] - 2024-12-13T17:05:15.351Z - [REQUEST]: Responding to the client. project-graph
[NX Daemon Server] - 2024-12-13T17:05:15.352Z - Time taken for 'total for creating and serializing project graph' 0.22141600000031758ms
[NX Daemon Server] - 2024-12-13T17:05:15.354Z - Done responding to the client project-graph
[NX Daemon Server] - 2024-12-13T17:05:15.354Z - Handled REQUEST_PROJECT_GRAPH. Handling time: 0. Response time: 3.
[NX Daemon Server] - 2024-12-13T17:05:15.423Z - Closed a connection. Number of open connections: 8
[NX Daemon Server] - 2024-12-13T17:05:15.459Z - [REQUEST]: Responding to the client. recordOutputsHash
[NX Daemon Server] - 2024-12-13T17:05:15.459Z - Done responding to the client recordOutputsHash
[NX Daemon Server] - 2024-12-13T17:05:15.459Z - Handled RECORD_OUTPUTS_HASH. Handling time: 8. Response time: 0.
[NX Daemon Server] - 2024-12-13T17:05:15.515Z - [WATCHER]: Processing file changes in outputs
[NX Daemon Server] - 2024-12-13T17:05:15.532Z - [REQUEST]: Responding to the client. recordOutputsHash
[NX Daemon Server] - 2024-12-13T17:05:15.532Z - Done responding to the client recordOutputsHash
[NX Daemon Server] - 2024-12-13T17:05:15.532Z - Handled RECORD_OUTPUTS_HASH. Handling time: 0. Response time: 0.
[NX Daemon Server] - 2024-12-13T17:05:15.772Z - [WATCHER]: Processing file changes in outputs
[NX Daemon Server] - 2024-12-13T17:05:16.632Z - [WATCHER]: Processing file changes in outputs
[NX Daemon Server] - 2024-12-13T17:05:16.694Z - [WATCHER]: Processing file changes in outputs
[NX Daemon Server] - 2024-12-13T17:05:16.750Z - [WATCHER]: Processing file changes in outputs
[NX Daemon Server] - 2024-12-13T17:05:16.884Z - Established a connection. Number of open connections: 9
[NX Daemon Server] - 2024-12-13T17:05:16.886Z - Established a connection. Number of open connections: 10
[NX Daemon Server] - 2024-12-13T17:05:16.887Z - Closed a connection. Number of open connections: 9
[NX Daemon Server] - 2024-12-13T17:05:16.887Z - [REQUEST]: Client Request for Project Graph Received
[NX Daemon Server] - 2024-12-13T17:05:16.887Z - [REQUEST]: Responding to the client. project-graph
[NX Daemon Server] - 2024-12-13T17:05:16.887Z - Time taken for 'total for creating and serializing project graph' 0.13866699999925913ms
[NX Daemon Server] - 2024-12-13T17:05:16.894Z - Done responding to the client project-graph
[NX Daemon Server] - 2024-12-13T17:05:16.894Z - Handled REQUEST_PROJECT_GRAPH. Handling time: 0. Response time: 7.
[NX Daemon Server] - 2024-12-13T17:05:16.975Z - Closed a connection. Number of open connections: 8
[NX Daemon Server] - 2024-12-13T17:05:17.007Z - [REQUEST]: Responding to the client. recordOutputsHash
[NX Daemon Server] - 2024-12-13T17:05:17.008Z - Done responding to the client recordOutputsHash
[NX Daemon Server] - 2024-12-13T17:05:17.008Z - Handled RECORD_OUTPUTS_HASH. Handling time: 5. Response time: 1.
[NX Daemon Server] - 2024-12-13T17:05:17.065Z - [WATCHER]: Processing file changes in outputs
[NX Daemon Server] - 2024-12-13T17:05:17.937Z - [REQUEST]: Responding to the client. recordOutputsHash
[NX Daemon Server] - 2024-12-13T17:05:17.937Z - Done responding to the client recordOutputsHash
[NX Daemon Server] - 2024-12-13T17:05:17.937Z - Handled RECORD_OUTPUTS_HASH. Handling time: 0. Response time: 0.
[NX Daemon Server] - 2024-12-13T17:05:18.148Z - [REQUEST]: Responding to the client. recordOutputsHash
[NX Daemon Server] - 2024-12-13T17:05:18.148Z - Done responding to the client recordOutputsHash
[NX Daemon Server] - 2024-12-13T17:05:18.148Z - Handled RECORD_OUTPUTS_HASH. Handling time: 0. Response time: 0.
[NX Daemon Server] - 2024-12-13T17:05:20.327Z - [REQUEST]: Responding to the client. recordOutputsHash
[NX Daemon Server] - 2024-12-13T17:05:20.327Z - Done responding to the client recordOutputsHash
[NX Daemon Server] - 2024-12-13T17:05:20.327Z - Handled RECORD_OUTPUTS_HASH. Handling time: 0. Response time: 0.
[NX Daemon Server] - 2024-12-13T17:05:20.447Z - [REQUEST]: Responding to the client. PROCESS_IN_BACKGROUND
[NX Daemon Server] - 2024-12-13T17:05:20.447Z - Done responding to the client PROCESS_IN_BACKGROUND
[NX Daemon Server] - 2024-12-13T17:05:20.447Z - Handled PROCESS_IN_BACKGROUND. Handling time: 71. Response time: 0.
[NX Daemon Server] - 2024-12-13T17:05:20.449Z - Uploading file artifacts
[NX Daemon Server] - 2024-12-13T17:05:20.730Z - Closed a connection. Number of open connections: 7
[NX Daemon Server] - 2024-12-13T17:05:22.008Z - Done uploading file artifacts
[NX Daemon Server] - 2024-12-13T17:05:22.008Z - Sending EndRun request
[NX Daemon Server] - 2024-12-13T17:05:22.255Z - Done sending EndRun request
[NX Daemon Server] - 2024-12-13T17:06:25.789Z - [WATCHER]: 1 file(s) created or restored, 0 file(s) modified, 1 file(s) deleted
[NX Daemon Server] - 2024-12-13T17:06:25.789Z - [REQUEST]: Responding to the client. File watch changed
[NX Daemon Server] - 2024-12-13T17:06:25.789Z - Done responding to the client File watch changed
[NX Daemon Server] - 2024-12-13T17:06:25.789Z - Handled FILE-WATCH-CHANGED. Handling time: 0. Response time: 0.
[NX Daemon Server] - 2024-12-13T17:06:25.790Z - [WATCHER]: Processing file changes in outputs
[NX Daemon Server] - 2024-12-13T17:06:25.790Z - Time taken for 'changed-projects' 0.10095799999544397ms
[NX Daemon Server] - 2024-12-13T17:06:25.889Z - [REQUEST]: Updated workspace context based on watched changes, recomputing project graph...
[NX Daemon Server] - 2024-12-13T17:06:25.889Z - [REQUEST]: libs/aws-infrastructure/src/lib/cdk.out/synth.lock
[NX Daemon Server] - 2024-12-13T17:06:25.889Z - [REQUEST]: libs/aws-infrastructure/src/lib/cdk.out/synth.lock.1619_1
[NX Daemon Server] - 2024-12-13T17:06:25.898Z - [REQUEST]: Responding to the client. handleHashGlob
[NX Daemon Server] - 2024-12-13T17:06:25.898Z - Done responding to the client handleHashGlob
[NX Daemon Server] - 2024-12-13T17:06:25.898Z - Handled HASH_GLOB. Handling time: 0. Response time: 0.
[NX Daemon Server] - 2024-12-13T17:06:25.899Z - [REQUEST]: Responding to the client. handleGlob
[NX Daemon Server] - 2024-12-13T17:06:25.899Z - Done responding to the client handleGlob
[NX Daemon Server] - 2024-12-13T17:06:25.899Z - Handled GLOB. Handling time: 1. Response time: 0.
[NX Daemon Server] - 2024-12-13T17:06:25.899Z - [REQUEST]: Responding to the client. handleHashGlob
[NX Daemon Server] - 2024-12-13T17:06:25.899Z - Done responding to the client handleHashGlob
[NX Daemon Server] - 2024-12-13T17:06:25.899Z - Handled HASH_GLOB. Handling time: 0. Response time: 0.
[NX Daemon Server] - 2024-12-13T17:06:25.900Z - [REQUEST]: Responding to the client. handleHashGlob
[NX Daemon Server] - 2024-12-13T17:06:25.900Z - Done responding to the client handleHashGlob
[NX Daemon Server] - 2024-12-13T17:06:25.900Z - Handled HASH_GLOB. Handling time: 0. Response time: 0.
[NX Daemon Server] - 2024-12-13T17:06:25.901Z - [REQUEST]: Responding to the client. handleHashGlob
[NX Daemon Server] - 2024-12-13T17:06:25.901Z - Done responding to the client handleHashGlob
[NX Daemon Server] - 2024-12-13T17:06:25.901Z - Handled HASH_GLOB. Handling time: 1. Response time: 0.
[NX Daemon Server] - 2024-12-13T17:06:25.901Z - Time taken for 'hash changed files from watcher' 0.14670899999327958ms
[NX Daemon Server] - 2024-12-13T17:06:25.901Z - [REQUEST]: Responding to the client. handleHashGlob
[NX Daemon Server] - 2024-12-13T17:06:25.901Z - Done responding to the client handleHashGlob
[NX Daemon Server] - 2024-12-13T17:06:25.901Z - Handled HASH_GLOB. Handling time: 0. Response time: 0.
[NX Daemon Server] - 2024-12-13T17:06:25.902Z - [REQUEST]: Responding to the client. handleHashGlob
[NX Daemon Server] - 2024-12-13T17:06:25.902Z - Done responding to the client handleHashGlob
[NX Daemon Server] - 2024-12-13T17:06:25.902Z - Handled HASH_GLOB. Handling time: 0. Response time: 0.
[NX Daemon Server] - 2024-12-13T17:06:25.903Z - [REQUEST]: Responding to the client. handleHashGlob
[NX Daemon Server] - 2024-12-13T17:06:25.903Z - Done responding to the client handleHashGlob
[NX Daemon Server] - 2024-12-13T17:06:25.903Z - Handled HASH_GLOB. Handling time: 1. Response time: 0.
[NX Daemon Server] - 2024-12-13T17:06:25.903Z - [REQUEST]: Responding to the client. handleHashGlob
[NX Daemon Server] - 2024-12-13T17:06:25.903Z - Done responding to the client handleHashGlob
[NX Daemon Server] - 2024-12-13T17:06:25.903Z - Handled HASH_GLOB. Handling time: 0. Response time: 0.
[NX Daemon Server] - 2024-12-13T17:06:25.908Z - [REQUEST]: Responding to the client. handleHashGlob
[NX Daemon Server] - 2024-12-13T17:06:25.908Z - Done responding to the client handleHashGlob
[NX Daemon Server] - 2024-12-13T17:06:25.908Z - Handled HASH_GLOB. Handling time: 1. Response time: 0.
[NX Daemon Server] - 2024-12-13T17:06:25.908Z - [REQUEST]: Responding to the client. handleHashGlob
[NX Daemon Server] - 2024-12-13T17:06:25.908Z - Done responding to the client handleHashGlob
[NX Daemon Server] - 2024-12-13T17:06:25.909Z - Handled HASH_GLOB. Handling time: 0. Response time: 1.
[NX Daemon Server] - 2024-12-13T17:06:25.909Z - [REQUEST]: Responding to the client. handleHashGlob
[NX Daemon Server] - 2024-12-13T17:06:25.909Z - Done responding to the client handleHashGlob
[NX Daemon Server] - 2024-12-13T17:06:25.909Z - Handled HASH_GLOB. Handling time: 0. Response time: 0.
(node:963) [DEP0180] DeprecationWarning: fs.Stats constructor is deprecated.
(Use `node --trace-deprecation ...` to show where the warning was created)
[NX Daemon Server] - 2024-12-13T17:06:26.116Z - Time taken for 'build-project-configs' 221.78837500000373ms
[NX Daemon Server] - 2024-12-13T17:06:26.119Z - Time taken for '@nx-dotnet/core:createDependencies' 5.015708000006271ms
[NX Daemon Server] - 2024-12-13T17:06:26.120Z - Time taken for '@nx/storybook/plugin:createDependencies' 6.785417000006419ms
[NX Daemon Server] - 2024-12-13T17:06:26.256Z - [SYNC]: collect registered sync generators
[NX Daemon Server] - 2024-12-13T17:06:26.257Z - [SYNC]: project graph hash is the same, not collecting task sync generators
[NX Daemon Server] - 2024-12-13T17:06:26.257Z - [SYNC]: nx.json hash is the same, not collecting global sync generators
[NX Daemon Server] - 2024-12-13T17:06:26.257Z - [REQUEST]: Responding to the client. File watch changed
[NX Daemon Server] - 2024-12-13T17:06:26.257Z - Done responding to the client File watch changed
[NX Daemon Server] - 2024-12-13T17:06:26.257Z - Handled FILE-WATCH-CHANGED. Handling time: 0. Response time: 0.
[NX Daemon Server] - 2024-12-13T17:06:26.257Z - Time taken for 'total execution time for createProjectGraph()' 139.46908299998904ms
[NX Daemon Server] - 2024-12-13T17:06:27.259Z - [REQUEST]: Client Request for Project Graph Received
[NX Daemon Server] - 2024-12-13T17:06:27.259Z - [REQUEST]: Responding to the client. project-graph
[NX Daemon Server] - 2024-12-13T17:06:27.260Z - Time taken for 'total for creating and serializing project graph' 0.26187499999650754ms
[NX Daemon Server] - 2024-12-13T17:06:27.261Z - Done responding to the client project-graph
[NX Daemon Server] - 2024-12-13T17:06:27.261Z - Handled REQUEST_PROJECT_GRAPH. Handling time: 0. Response time: 2.
[NX Daemon Server] - 2024-12-13T17:06:27.266Z - [REQUEST]: Responding to the client. handleContextFileData
[NX Daemon Server] - 2024-12-13T17:06:27.266Z - Done responding to the client handleContextFileData
[NX Daemon Server] - 2024-12-13T17:06:27.266Z - Handled GET_CONTEXT_FILE_DATA. Handling time: 0. Response time: 0.
[NX Daemon Server] - 2024-12-13T17:06:27.266Z - Closed a connection. Number of open connections: 6
[NX Daemon Server] - 2024-12-13T17:06:27.312Z - Closed a connection. Number of open connections: 5
[NX Daemon Server] - 2024-12-13T17:06:27.313Z - Established a connection. Number of open connections: 6
[NX Daemon Server] - 2024-12-13T17:06:27.313Z - Established a connection. Number of open connections: 7
[NX Daemon Server] - 2024-12-13T17:06:27.313Z - Closed a connection. Number of open connections: 6
[NX Daemon Server] - 2024-12-13T17:06:27.313Z - [REQUEST]: Client Request for Project Graph Received
[NX Daemon Server] - 2024-12-13T17:06:27.314Z - [REQUEST]: Responding to the client. project-graph
[NX Daemon Server] - 2024-12-13T17:06:27.314Z - Time taken for 'total for creating and serializing project graph' 0.1330829999933485ms
[NX Daemon Server] - 2024-12-13T17:06:27.315Z - Done responding to the client project-graph
[NX Daemon Server] - 2024-12-13T17:06:27.315Z - Handled REQUEST_PROJECT_GRAPH. Handling time: 1. Response time: 1.
[NX Daemon Server] - 2024-12-13T17:06:27.318Z - [REQUEST]: Client Request for Project Graph Received
[NX Daemon Server] - 2024-12-13T17:06:27.318Z - [REQUEST]: Responding to the client. project-graph
[NX Daemon Server] - 2024-12-13T17:06:27.319Z - Time taken for 'total for creating and serializing project graph' 0.10929200000828132ms
[NX Daemon Server] - 2024-12-13T17:06:27.320Z - Done responding to the client project-graph
[NX Daemon Server] - 2024-12-13T17:06:27.320Z - Handled REQUEST_PROJECT_GRAPH. Handling time: 0. Response time: 2.
[NX Daemon Server] - 2024-12-13T17:06:27.324Z - Established a connection. Number of open connections: 7
[NX Daemon Server] - 2024-12-13T17:06:28.570Z - [WATCHER]: Processing file changes in outputs
[NX Daemon Server] - 2024-12-13T17:06:28.599Z - [WATCHER]: 0 file(s) created or restored, 2 file(s) modified, 0 file(s) deleted
[NX Daemon Server] - 2024-12-13T17:06:28.600Z - [REQUEST]: Responding to the client. File watch changed
[NX Daemon Server] - 2024-12-13T17:06:28.600Z - Done responding to the client File watch changed
[NX Daemon Server] - 2024-12-13T17:06:28.600Z - Handled FILE-WATCH-CHANGED. Handling time: 0. Response time: 0.
[NX Daemon Server] - 2024-12-13T17:06:28.600Z - Time taken for 'changed-projects' 0.0695419999974547ms
[NX Daemon Server] - 2024-12-13T17:06:28.705Z - [REQUEST]: Updated workspace context based on watched changes, recomputing project graph...
[NX Daemon Server] - 2024-12-13T17:06:28.705Z - [REQUEST]: libs/aws-infrastructure/src/lib/cdk.out/asset.6620cb784ea0d3cf3a6e3e128827087f88e7e9999cd41b0be7c50431fbf12026.zip,libs/aws-infrastructure/src/lib/cdk.out/asset.c6358465bf49dfae556bb430bf9c81fa578c221b82c308e3707901b1dd654762/index.py
[NX Daemon Server] - 2024-12-13T17:06:28.705Z - [REQUEST]: 
[NX Daemon Server] - 2024-12-13T17:06:28.717Z - [REQUEST]: Responding to the client. handleHashGlob
[NX Daemon Server] - 2024-12-13T17:06:28.717Z - Done responding to the client handleHashGlob
[NX Daemon Server] - 2024-12-13T17:06:28.717Z - Handled HASH_GLOB. Handling time: 1. Response time: 0.
[NX Daemon Server] - 2024-12-13T17:06:28.718Z - [REQUEST]: Responding to the client. handleGlob
[NX Daemon Server] - 2024-12-13T17:06:28.718Z - Done responding to the client handleGlob
[NX Daemon Server] - 2024-12-13T17:06:28.718Z - Handled GLOB. Handling time: 1. Response time: 0.
[NX Daemon Server] - 2024-12-13T17:06:28.719Z - [REQUEST]: Responding to the client. handleHashGlob
[NX Daemon Server] - 2024-12-13T17:06:28.719Z - Done responding to the client handleHashGlob
[NX Daemon Server] - 2024-12-13T17:06:28.719Z - Handled HASH_GLOB. Handling time: 1. Response time: 0.
[NX Daemon Server] - 2024-12-13T17:06:28.719Z - [REQUEST]: Responding to the client. handleHashGlob
[NX Daemon Server] - 2024-12-13T17:06:28.719Z - Done responding to the client handleHashGlob
[NX Daemon Server] - 2024-12-13T17:06:28.719Z - Handled HASH_GLOB. Handling time: 0. Response time: 0.
[NX Daemon Server] - 2024-12-13T17:06:28.720Z - [REQUEST]: Responding to the client. handleHashGlob
[NX Daemon Server] - 2024-12-13T17:06:28.720Z - Done responding to the client handleHashGlob
[NX Daemon Server] - 2024-12-13T17:06:28.720Z - Handled HASH_GLOB. Handling time: 1. Response time: 0.
[NX Daemon Server] - 2024-12-13T17:06:28.720Z - Time taken for 'hash changed files from watcher' 4.866458000004059ms
[NX Daemon Server] - 2024-12-13T17:06:28.721Z - [REQUEST]: Responding to the client. handleHashGlob
[NX Daemon Server] - 2024-12-13T17:06:28.721Z - Done responding to the client handleHashGlob
[NX Daemon Server] - 2024-12-13T17:06:28.721Z - Handled HASH_GLOB. Handling time: 1. Response time: 0.
[NX Daemon Server] - 2024-12-13T17:06:28.721Z - [REQUEST]: Responding to the client. handleHashGlob
[NX Daemon Server] - 2024-12-13T17:06:28.721Z - Done responding to the client handleHashGlob
[NX Daemon Server] - 2024-12-13T17:06:28.721Z - Handled HASH_GLOB. Handling time: 0. Response time: 0.
[NX Daemon Server] - 2024-12-13T17:06:28.722Z - [REQUEST]: Responding to the client. handleHashGlob
[NX Daemon Server] - 2024-12-13T17:06:28.722Z - Done responding to the client handleHashGlob
[NX Daemon Server] - 2024-12-13T17:06:28.722Z - Handled HASH_GLOB. Handling time: 0. Response time: 0.
[NX Daemon Server] - 2024-12-13T17:06:28.722Z - [REQUEST]: Responding to the client. handleHashGlob
[NX Daemon Server] - 2024-12-13T17:06:28.722Z - Done responding to the client handleHashGlob
[NX Daemon Server] - 2024-12-13T17:06:28.722Z - Handled HASH_GLOB. Handling time: 0. Response time: 0.
[NX Daemon Server] - 2024-12-13T17:06:28.727Z - [REQUEST]: Responding to the client. handleHashGlob
[NX Daemon Server] - 2024-12-13T17:06:28.727Z - Done responding to the client handleHashGlob
[NX Daemon Server] - 2024-12-13T17:06:28.727Z - Handled HASH_GLOB. Handling time: 1. Response time: 0.
[NX Daemon Server] - 2024-12-13T17:06:28.727Z - [REQUEST]: Responding to the client. handleHashGlob
[NX Daemon Server] - 2024-12-13T17:06:28.727Z - Done responding to the client handleHashGlob
[NX Daemon Server] - 2024-12-13T17:06:28.727Z - Handled HASH_GLOB. Handling time: 0. Response time: 0.
[NX Daemon Server] - 2024-12-13T17:06:28.728Z - [REQUEST]: Responding to the client. handleHashGlob
[NX Daemon Server] - 2024-12-13T17:06:28.728Z - Done responding to the client handleHashGlob
[NX Daemon Server] - 2024-12-13T17:06:28.728Z - Handled HASH_GLOB. Handling time: 0. Response time: 0.
[NX Daemon Server] - 2024-12-13T17:06:28.739Z - Time taken for 'build-project-configs' 28.784041999999317ms
[NX Daemon Server] - 2024-12-13T17:06:28.743Z - Time taken for '@nx/storybook/plugin:createDependencies' 6.774084000004223ms
[NX Daemon Server] - 2024-12-13T17:06:28.767Z - [SYNC]: collect registered sync generators
[NX Daemon Server] - 2024-12-13T17:06:28.767Z - [SYNC]: project graph hash is the same, not collecting task sync generators
[NX Daemon Server] - 2024-12-13T17:06:28.767Z - [SYNC]: nx.json hash is the same, not collecting global sync generators
[NX Daemon Server] - 2024-12-13T17:06:28.767Z - Time taken for 'total execution time for createProjectGraph()' 26.623916999989888ms
[NX Daemon Server] - 2024-12-13T17:06:29.604Z - [REQUEST]: Client Request for Project Graph Received
[NX Daemon Server] - 2024-12-13T17:06:29.605Z - [REQUEST]: Responding to the client. project-graph
[NX Daemon Server] - 2024-12-13T17:06:29.605Z - Time taken for 'total for creating and serializing project graph' 0.2686670000111917ms
[NX Daemon Server] - 2024-12-13T17:06:29.607Z - Done responding to the client project-graph
[NX Daemon Server] - 2024-12-13T17:06:29.607Z - Handled REQUEST_PROJECT_GRAPH. Handling time: 1. Response time: 2.
[NX Daemon Server] - 2024-12-13T17:06:29.612Z - [REQUEST]: Responding to the client. handleContextFileData
[NX Daemon Server] - 2024-12-13T17:06:29.612Z - Done responding to the client handleContextFileData
[NX Daemon Server] - 2024-12-13T17:06:29.612Z - Handled GET_CONTEXT_FILE_DATA. Handling time: 0. Response time: 0.
[NX Daemon Server] - 2024-12-13T17:06:29.613Z - Closed a connection. Number of open connections: 6
[NX Daemon Server] - 2024-12-13T17:06:29.660Z - Closed a connection. Number of open connections: 5
[NX Daemon Server] - 2024-12-13T17:06:29.661Z - Established a connection. Number of open connections: 6
[NX Daemon Server] - 2024-12-13T17:06:29.661Z - Established a connection. Number of open connections: 7
[NX Daemon Server] - 2024-12-13T17:06:29.661Z - Closed a connection. Number of open connections: 6
[NX Daemon Server] - 2024-12-13T17:06:29.662Z - [REQUEST]: Client Request for Project Graph Received
[NX Daemon Server] - 2024-12-13T17:06:29.662Z - [REQUEST]: Responding to the client. project-graph
[NX Daemon Server] - 2024-12-13T17:06:29.662Z - Time taken for 'total for creating and serializing project graph' 0.11029200001212303ms
[NX Daemon Server] - 2024-12-13T17:06:29.663Z - Done responding to the client project-graph
[NX Daemon Server] - 2024-12-13T17:06:29.663Z - Handled REQUEST_PROJECT_GRAPH. Handling time: 0. Response time: 1.
[NX Daemon Server] - 2024-12-13T17:06:29.666Z - [REQUEST]: Client Request for Project Graph Received
[NX Daemon Server] - 2024-12-13T17:06:29.666Z - [REQUEST]: Responding to the client. project-graph
[NX Daemon Server] - 2024-12-13T17:06:29.667Z - Time taken for 'total for creating and serializing project graph' 0.09645799999998417ms
[NX Daemon Server] - 2024-12-13T17:06:29.667Z - Done responding to the client project-graph
[NX Daemon Server] - 2024-12-13T17:06:29.667Z - Handled REQUEST_PROJECT_GRAPH. Handling time: 0. Response time: 1.
[NX Daemon Server] - 2024-12-13T17:06:29.670Z - Established a connection. Number of open connections: 7
[NX Daemon Server] - 2024-12-13T17:06:48.110Z - [WATCHER]: Processing file changes in outputs
[NX Daemon Server] - 2024-12-13T17:06:48.110Z - [WATCHER]: 0 file(s) created or restored, 0 file(s) modified, 3 file(s) deleted
[NX Daemon Server] - 2024-12-13T17:06:48.111Z - [REQUEST]: Responding to the client. File watch changed
[NX Daemon Server] - 2024-12-13T17:06:48.111Z - Done responding to the client File watch changed
[NX Daemon Server] - 2024-12-13T17:06:48.111Z - Handled FILE-WATCH-CHANGED. Handling time: 0. Response time: 0.
[NX Daemon Server] - 2024-12-13T17:06:48.111Z - Time taken for 'changed-projects' 0.05108299999847077ms
[NX Daemon Server] - 2024-12-13T17:06:48.211Z - [REQUEST]: Updated workspace context based on watched changes, recomputing project graph...
[NX Daemon Server] - 2024-12-13T17:06:48.211Z - [REQUEST]: 
[NX Daemon Server] - 2024-12-13T17:06:48.211Z - [REQUEST]: libs/aws-infrastructure/src/lib/cdk.out/asset.c6358465bf49dfae556bb430bf9c81fa578c221b82c308e3707901b1dd654762/index.py,libs/aws-infrastructure/src/lib/cdk.out/synth.lock,libs/aws-infrastructure/src/lib/cdk.out/asset.6620cb784ea0d3cf3a6e3e128827087f88e7e9999cd41b0be7c50431fbf12026.zip
[NX Daemon Server] - 2024-12-13T17:06:48.218Z - [REQUEST]: Responding to the client. handleHashGlob
[NX Daemon Server] - 2024-12-13T17:06:48.218Z - Done responding to the client handleHashGlob
[NX Daemon Server] - 2024-12-13T17:06:48.218Z - Handled HASH_GLOB. Handling time: 0. Response time: 0.
[NX Daemon Server] - 2024-12-13T17:06:48.219Z - [REQUEST]: Responding to the client. handleGlob
[NX Daemon Server] - 2024-12-13T17:06:48.219Z - Done responding to the client handleGlob
[NX Daemon Server] - 2024-12-13T17:06:48.219Z - Handled GLOB. Handling time: 0. Response time: 0.
[NX Daemon Server] - 2024-12-13T17:06:48.220Z - [REQUEST]: Responding to the client. handleHashGlob
[NX Daemon Server] - 2024-12-13T17:06:48.220Z - Done responding to the client handleHashGlob
[NX Daemon Server] - 2024-12-13T17:06:48.220Z - Handled HASH_GLOB. Handling time: 1. Response time: 0.
[NX Daemon Server] - 2024-12-13T17:06:48.220Z - [REQUEST]: Responding to the client. handleHashGlob
[NX Daemon Server] - 2024-12-13T17:06:48.220Z - Done responding to the client handleHashGlob
[NX Daemon Server] - 2024-12-13T17:06:48.220Z - Handled HASH_GLOB. Handling time: 0. Response time: 0.
[NX Daemon Server] - 2024-12-13T17:06:48.221Z - [REQUEST]: Responding to the client. handleHashGlob
[NX Daemon Server] - 2024-12-13T17:06:48.221Z - Done responding to the client handleHashGlob
[NX Daemon Server] - 2024-12-13T17:06:48.221Z - Handled HASH_GLOB. Handling time: 1. Response time: 0.
[NX Daemon Server] - 2024-12-13T17:06:48.221Z - Time taken for 'hash changed files from watcher' 0.08750000002328306ms
[NX Daemon Server] - 2024-12-13T17:06:48.221Z - [REQUEST]: Responding to the client. handleHashGlob
[NX Daemon Server] - 2024-12-13T17:06:48.221Z - Done responding to the client handleHashGlob
[NX Daemon Server] - 2024-12-13T17:06:48.221Z - Handled HASH_GLOB. Handling time: 0. Response time: 0.
[NX Daemon Server] - 2024-12-13T17:06:48.222Z - [REQUEST]: Responding to the client. handleHashGlob
[NX Daemon Server] - 2024-12-13T17:06:48.222Z - Done responding to the client handleHashGlob
[NX Daemon Server] - 2024-12-13T17:06:48.222Z - Handled HASH_GLOB. Handling time: 0. Response time: 0.
[NX Daemon Server] - 2024-12-13T17:06:48.223Z - [REQUEST]: Responding to the client. handleHashGlob
[NX Daemon Server] - 2024-12-13T17:06:48.223Z - Done responding to the client handleHashGlob
[NX Daemon Server] - 2024-12-13T17:06:48.223Z - Handled HASH_GLOB. Handling time: 1. Response time: 0.
[NX Daemon Server] - 2024-12-13T17:06:48.223Z - [REQUEST]: Responding to the client. handleHashGlob
[NX Daemon Server] - 2024-12-13T17:06:48.223Z - Done responding to the client handleHashGlob
[NX Daemon Server] - 2024-12-13T17:06:48.223Z - Handled HASH_GLOB. Handling time: 0. Response time: 0.
[NX Daemon Server] - 2024-12-13T17:06:48.224Z - [REQUEST]: Responding to the client. handleHashGlob
[NX Daemon Server] - 2024-12-13T17:06:48.224Z - Done responding to the client handleHashGlob
[NX Daemon Server] - 2024-12-13T17:06:48.224Z - Handled HASH_GLOB. Handling time: 0. Response time: 0.
[NX Daemon Server] - 2024-12-13T17:06:48.224Z - [REQUEST]: Responding to the client. handleHashGlob
[NX Daemon Server] - 2024-12-13T17:06:48.224Z - Done responding to the client handleHashGlob
[NX Daemon Server] - 2024-12-13T17:06:48.224Z - Handled HASH_GLOB. Handling time: 0. Response time: 0.
[NX Daemon Server] - 2024-12-13T17:06:48.225Z - [REQUEST]: Responding to the client. handleHashGlob
[NX Daemon Server] - 2024-12-13T17:06:48.225Z - Done responding to the client handleHashGlob
[NX Daemon Server] - 2024-12-13T17:06:48.225Z - Handled HASH_GLOB. Handling time: 0. Response time: 0.
[NX Daemon Server] - 2024-12-13T17:06:48.233Z - Time taken for 'build-project-configs' 17.70579199999338ms
[NX Daemon Server] - 2024-12-13T17:06:48.236Z - Time taken for '@nx-dotnet/core:createDependencies' 4.623707999999169ms
[NX Daemon Server] - 2024-12-13T17:06:48.236Z - Time taken for '@nx/storybook/plugin:createDependencies' 6.148499999981141ms
[NX Daemon Server] - 2024-12-13T17:06:48.255Z - [SYNC]: collect registered sync generators
[NX Daemon Server] - 2024-12-13T17:06:48.256Z - [SYNC]: project graph hash is the same, not collecting task sync generators
[NX Daemon Server] - 2024-12-13T17:06:48.256Z - [SYNC]: nx.json hash is the same, not collecting global sync generators
[NX Daemon Server] - 2024-12-13T17:06:48.256Z - Time taken for 'total execution time for createProjectGraph()' 21.2132500000007ms
[NX Daemon Server] - 2024-12-13T17:06:49.114Z - [REQUEST]: Client Request for Project Graph Received
[NX Daemon Server] - 2024-12-13T17:06:49.114Z - [REQUEST]: Responding to the client. project-graph
[NX Daemon Server] - 2024-12-13T17:06:49.114Z - Time taken for 'total for creating and serializing project graph' 0.1743340000102762ms
[NX Daemon Server] - 2024-12-13T17:06:49.115Z - Done responding to the client project-graph
[NX Daemon Server] - 2024-12-13T17:06:49.115Z - Handled REQUEST_PROJECT_GRAPH. Handling time: 0. Response time: 1.
[NX Daemon Server] - 2024-12-13T17:06:49.119Z - [REQUEST]: Responding to the client. handleContextFileData
[NX Daemon Server] - 2024-12-13T17:06:49.119Z - Done responding to the client handleContextFileData
[NX Daemon Server] - 2024-12-13T17:06:49.119Z - Handled GET_CONTEXT_FILE_DATA. Handling time: 0. Response time: 0.
[NX Daemon Server] - 2024-12-13T17:06:49.119Z - Closed a connection. Number of open connections: 6
[NX Daemon Server] - 2024-12-13T17:06:49.168Z - Closed a connection. Number of open connections: 5
[NX Daemon Server] - 2024-12-13T17:06:49.168Z - Established a connection. Number of open connections: 6
[NX Daemon Server] - 2024-12-13T17:06:49.168Z - Established a connection. Number of open connections: 7
[NX Daemon Server] - 2024-12-13T17:06:49.168Z - Closed a connection. Number of open connections: 6
[NX Daemon Server] - 2024-12-13T17:06:49.169Z - [REQUEST]: Client Request for Project Graph Received
[NX Daemon Server] - 2024-12-13T17:06:49.169Z - [REQUEST]: Responding to the client. project-graph
[NX Daemon Server] - 2024-12-13T17:06:49.169Z - Time taken for 'total for creating and serializing project graph' 0.11387500001001172ms
[NX Daemon Server] - 2024-12-13T17:06:49.170Z - Done responding to the client project-graph
[NX Daemon Server] - 2024-12-13T17:06:49.170Z - Handled REQUEST_PROJECT_GRAPH. Handling time: 0. Response time: 1.
[NX Daemon Server] - 2024-12-13T17:06:49.173Z - [REQUEST]: Client Request for Project Graph Received
[NX Daemon Server] - 2024-12-13T17:06:49.173Z - [REQUEST]: Responding to the client. project-graph
[NX Daemon Server] - 2024-12-13T17:06:49.174Z - Time taken for 'total for creating and serializing project graph' 0.1149159999913536ms
[NX Daemon Server] - 2024-12-13T17:06:49.175Z - Done responding to the client project-graph
[NX Daemon Server] - 2024-12-13T17:06:49.175Z - Handled REQUEST_PROJECT_GRAPH. Handling time: 0. Response time: 2.
[NX Daemon Server] - 2024-12-13T17:06:49.177Z - Established a connection. Number of open connections: 7
